Guid,Name,Type,BillingStreet,BillingCity,BillingState,BillingPostalCode,BillingCountry,BillingLatitude,BillingLongitude,BillingGeocodeAccuracy,ShippingStreet,ShippingCity,ShippingState,ShippingPostalCode,ShippingCountry,ShippingLatitude,ShippingLongitude,ShippingGeocodeAccuracy,Phone,Fax,Website,Industry,AnnualRevenue,NumberOfEmployees,Description,IsCustomerPortal,Jigsaw,JigsawCompanyId,AccountSource,SicDesc,IsBuyer,ccrz__CustomField1__c,ccrz__CustomField2__c,ccrz__DataId__c,ccrz__PreventAddrBookSave__c,ccrz__PreventNewAddrCheckout__c,ccrz__PreventNewBillAddrCO__c,ccrz__SourceSystem__c,ccrz__TaxExemptAccount__c,ccrz__UsedByCloudcraze__c,SBQQ__AssetQuantitiesCombined__c,SBQQ__CoTermedContractsCombined__c,SBQQ__CoTerminationEvent__c,SBQQ__ContractCoTermination__c,SBQQ__IgnoreParentContractedPrices__c,SBQQ__PreserveBundle__c,SBQQ__PriceHoldEnd__c,SBQQ__RenewalModel__c,SBQQ__RenewalPricingMethod__c,SBQQ__TaxExempt__c,CorporateLocations__c,FranchiseLocations__c,TaxID__c,BillingEmail__c,Test_Field__c,Custom_Account_Picklist__c,Project_Based__c,Primary_Use_Case__c,JJ__c
52aa2d52-b22b-4d4d-b272-e956119dd30c,Twimm,Prospect,10/33-37 Gannons Rd,Caringbah,NSW,1495,Australia,#N/A,#N/A,#N/A,10/33-37 Gannons Rd,Caringbah,NSW,1495,Australia,#N/A,#N/A,#N/A,(02) 6905 6165,#N/A,#N/A,Healthcare,8.0231577E7,#N/A,Nick Ciapetta Hospital is the leader in Healthcare in Caringbah,false,#N/A,#N/A,#N/A,#N/A,false,#N/A,#N/A,#N/A,false,false,false,#N/A,false,false,false,false,#N/A,Never,false,true,#N/A,Contract Based,Same,No,#N/A,#N/A,#N/A,#N/A,#N/A,#N/A,false,#N/A,Skip
9e1650cb-2855-4a0d-a897-d0fc6f5cb30a,Oodoo,Customer,1501 Page Mill Rd,Palo Alto,CA,94304-1126,United States,#N/A,#N/A,#N/A,P.O. BOX 10301,Palo Alto,CA,94303-0890,US,#N/A,#N/A,#N/A,1.650.857.1501,#N/A,#N/A,Automotive,1.03355E11,#N/A,Kumatsu Motors is the leader in Automotive in Palo Alto,false,#N/A,#N/A,#N/A,#N/A,false,#N/A,#N/A,#N/A,false,false,false,#N/A,false,false,false,false,#N/A,Never,false,true,#N/A,Contract Based,Same,No,#N/A,#N/A,#N/A,#N/A,#N/A,#N/A,false,#N/A,Skip
78c2ed00-4bd4-4843-8916-53c1b65e17b8,Trilith,Customer,27 Temple St,Victoria Park,WA,6100,Australia,#N/A,#N/A,#N/A,27 Temple St,Victoria Park,WA,6100,Australia,#N/A,#N/A,#N/A,(08) 7764 6096,#N/A,#N/A,Banking,2.87538616E8,#N/A,LexCorp is the leader in Banking in Victoria Park,false,#N/A,#N/A,#N/A,#N/A,false,#N/A,#N/A,#N/A,false,false,false,#N/A,false,false,false,false,#N/A,Never,false,true,#N/A,Contract Based,Same,No,#N/A,#N/A,#N/A,#N/A,#N/A,#N/A,false,#N/A,Skip
b08ff41e-a88c-4474-b658-d4bfa83df38d,Mybuzz,Customer,235 E 42nd St,New York,NY,10017-5703,United States,#N/A,#N/A,#N/A,#N/A,#N/A,#N/A,#N/A,#N/A,#N/A,#N/A,#N/A,1.212.733.2323,#N/A,#N/A,Manufacturing,4.8851E10,#N/A,Procurabl Holdings Inc. is the leader in Manufacturing in New York,false,#N/A,#N/A,#N/A,#N/A,false,#N/A,#N/A,#N/A,false,false,false,#N/A,false,false,false,false,#N/A,Never,false,true,#N/A,Contract Based,Same,No,#N/A,#N/A,#N/A,#N/A,#N/A,#N/A,false,#N/A,Skip
957363ed-f7e7-4432-a639-c868929084aa,Twiyo,Customer,1211 Ave of The Americas,New York,NY,10036-8701,United States,#N/A,#N/A,#N/A,178 Campbell Parade,#N/A,#N/A,#N/A,#N/A,#N/A,#N/A,#N/A,1.212.852.7000,#N/A,#N/A,Automotive,2.8987E10,#N/A,Enginomics is the leader in Automotive in New York,false,#N/A,#N/A,#N/A,#N/A,false,#N/A,#N/A,#N/A,false,false,false,#N/A,false,false,false,false,#N/A,Never,false,true,#N/A,Contract Based,Same,No,#N/A,#N/A,#N/A,#N/A,#N/A,#N/A,false,#N/A,Skip
ab7ee815-3a11-44cc-b064-55d63536825e,Yakitri,Customer,1483 Alaskan Way,Seattle,WA,#N/A,USA,#N/A,#N/A,#N/A,#N/A,#N/A,#N/A,#N/A,#N/A,#N/A,#N/A,#N/A,(555) 561-5555,#N/A,#N/A,Healthcare,7.58251458E8,#N/A,Susannah St-Germain Hospital is the leader in Healthcare in Seattle,false,#N/A,#N/A,#N/A,#N/A,false,#N/A,#N/A,#N/A,false,false,false,#N/A,false,false,false,false,#N/A,Never,false,true,#N/A,Contract Based,Same,No,#N/A,#N/A,#N/A,#N/A,#N/A,#N/A,false,#N/A,Skip
63a2522c-da85-4079-a621-fd46a49cd78b,Eadel,Customer,208 S Akard St,Dallas,TX,75202-4295,United States,#N/A,#N/A,#N/A,#N/A,#N/A,#N/A,#N/A,#N/A,#N/A,#N/A,#N/A,1.210.821.4105,#N/A,#N/A,Automotive,1.46801E11,#N/A,"Regal Machine, Inc. is the leader in Automotive in Dallas",false,#N/A,#N/A,#N/A,#N/A,false,#N/A,#N/A,#N/A,false,false,false,#N/A,false,false,false,false,#N/A,Never,false,true,#N/A,Contract Based,Same,No,#N/A,#N/A,#N/A,#N/A,#N/A,#N/A,false,#N/A,Skip
3ece893c-ab24-42eb-a466-e7fc2e4faee5,Yodel,Customer,770 Cochituate Rd Ste 1,Framingham,MA,01701-4698,United States,#N/A,#N/A,#N/A,P.O. BOX 9133,Framingham,MA,01701-9133,US,#N/A,#N/A,#N/A,1.508.390.1000,#N/A,#N/A,Consumer Goods,3.0944938E10,#N/A,Prandial Foods is the leader in Consumer Goods in Framingham,false,#N/A,#N/A,#N/A,#N/A,false,#N/A,#N/A,#N/A,false,false,false,#N/A,false,false,false,false,#N/A,Never,false,true,#N/A,Contract Based,Same,No,#N/A,#N/A,#N/A,#N/A,#N/A,#N/A,false,#N/A,Skip
8ce5d615-acaa-40c8-934a-a82144c15e9c,Quatz,Prospect,2591 Vidon Court,Houston,TX,77228,United States,#N/A,#N/A,#N/A,#N/A,#N/A,#N/A,#N/A,#N/A,#N/A,#N/A,#N/A,#N/A,#N/A,#N/A,Manufacturing,2.1153104E7,#N/A,#N/A,false,#N/A,#N/A,#N/A,#N/A,false,#N/A,#N/A,#N/A,false,false,false,#N/A,false,false,false,false,#N/A,Never,false,true,#N/A,Contract Based,Same,No,#N/A,#N/A,#N/A,#N/A,#N/A,#N/A,false,#N/A,Skip
d06a901f-acfb-4ce5-8392-4058ad32485b,Meevee,Customer,2200 W Don Tyson Pkwy,Springdale,AR,72762-6901,United States,#N/A,#N/A,#N/A,P.O. BOX 2020,Springdale,AR,72765-2020,US,#N/A,#N/A,#N/A,1.479.290.4000,#N/A,#N/A,Media,4.1373E10,#N/A,Newslync is the leader in Media in Springdale,false,#N/A,#N/A,#N/A,#N/A,false,#N/A,#N/A,#N/A,false,false,false,#N/A,false,false,false,false,#N/A,Never,false,true,#N/A,Contract Based,Same,No,#N/A,#N/A,#N/A,#N/A,#N/A,#N/A,false,#N/A,Skip
f048b26f-43df-4442-922a-f0f648d7051d,Uidoo,Customer,115 Tabor Rd,Morris Plains,NJ,07950-2546,United States,#N/A,#N/A,#N/A,#N/A,#N/A,#N/A,#N/A,#N/A,#N/A,#N/A,#N/A,1.973.455.2000,#N/A,#N/A,Energy,3.8581E10,#N/A,Jupiter Consulting is the leader in Energy in Morris Plains,false,#N/A,#N/A,#N/A,#N/A,false,#N/A,#N/A,#N/A,false,false,false,#N/A,false,false,false,false,#N/A,Never,false,true,#N/A,Contract Based,Same,No,#N/A,#N/A,#N/A,#N/A,#N/A,#N/A,false,#N/A,Skip
e6b8eecb-c6a5-4a49-9a0b-608318fb1c89,Zoovu,Customer,350 Collins Street,Melbourne,VIC,3000,Australia,#N/A,#N/A,#N/A,350 Collins Street,Melbourne,VIC,3000,Australia,#N/A,#N/A,#N/A,(03) 8967 7597,#N/A,#N/A,Construction,9.02787175E8,#N/A,Extensive Enterprise is the leader in Construction in Melbourne,false,#N/A,#N/A,#N/A,#N/A,false,#N/A,#N/A,#N/A,false,false,false,#N/A,false,false,false,false,#N/A,Never,false,true,#N/A,Contract Based,Same,No,#N/A,#N/A,#N/A,#N/A,#N/A,#N/A,false,#N/A,Skip
a68e7eb7-7624-4b12-851c-d0163e8e9347,Mydo,Customer,108 Wilmot Rd,Deerfield,IL,60015-5145,United States,#N/A,#N/A,#N/A,200 George Street,#N/A,#N/A,#N/A,#N/A,#N/A,#N/A,#N/A,1.847.315.2500,#N/A,#N/A,Financial Services,1.03444E11,#N/A,"Civic Wealth, Inc. is the leader in Financial Services in Deerfield",false,#N/A,#N/A,#N/A,#N/A,false,#N/A,#N/A,#N/A,false,false,false,#N/A,false,false,false,false,#N/A,Never,false,true,#N/A,Contract Based,Same,No,#N/A,#N/A,#N/A,#N/A,#N/A,#N/A,false,#N/A,Skip
f915d9d1-7758-4036-b0a1-f34676a9f27b,Mycat,Customer,200 Elizabeth Street,Melbourne,VIC,3000,Australia,#N/A,#N/A,#N/A,200 Elizabeth Street,Melbourne,VIC,3000,Australia,#N/A,#N/A,#N/A,(03) 7578 7328,#N/A,#N/A,Banking,1.58331476E8,#N/A,Galaxy Corp is the leader in Banking in Melbourne,false,#N/A,#N/A,#N/A,#N/A,false,#N/A,#N/A,#N/A,false,false,false,#N/A,false,false,false,false,#N/A,Never,false,true,#N/A,Contract Based,Same,No,#N/A,#N/A,#N/A,#N/A,#N/A,#N/A,false,#N/A,Skip
d2763da4-1ca1-46bc-a6df-e1f7372d6dc5,Oyonder,Prospect,08697 Ryan Junction,Cincinnati,OH,45271,United States,#N/A,#N/A,#N/A,#N/A,#N/A,#N/A,#N/A,#N/A,#N/A,#N/A,#N/A,#N/A,#N/A,#N/A,Construction,2.0845725E7,#N/A,#N/A,false,#N/A,#N/A,#N/A,#N/A,false,#N/A,#N/A,#N/A,false,false,false,#N/A,false,false,false,false,#N/A,Never,false,true,#N/A,Contract Based,Same,No,#N/A,#N/A,#N/A,#N/A,#N/A,#N/A,false,#N/A,Skip
8d5db9aa-d4f9-4ab9-9883-4cbd2039d809,Realblab,Prospect,53 Park Meadow Pass,New Bedford,MA,2745,United States,#N/A,#N/A,#N/A,#N/A,#N/A,#N/A,#N/A,#N/A,#N/A,#N/A,#N/A,#N/A,#N/A,#N/A,Insurance,2.9588767E7,#N/A,#N/A,false,#N/A,#N/A,#N/A,#N/A,false,#N/A,#N/A,#N/A,false,false,false,#N/A,false,false,false,false,#N/A,Never,false,true,#N/A,Contract Based,Same,No,#N/A,#N/A,#N/A,#N/A,#N/A,#N/A,false,#N/A,Skip
51a12852-b282-4490-b9dd-bf2285c93137,DabZ,Prospect,200 Park Ave FL 1200,New York,NY,10166-0188,United States,#N/A,#N/A,#N/A,#N/A,#N/A,#N/A,#N/A,#N/A,#N/A,#N/A,#N/A,1.212.578.2211,#N/A,#N/A,Communications,6.9951E10,#N/A,Synaptic Networking Solutions is the leader in Communications in New York,false,#N/A,#N/A,#N/A,#N/A,false,#N/A,#N/A,#N/A,false,false,false,#N/A,false,false,false,false,#N/A,Never,false,true,#N/A,Contract Based,Same,No,#N/A,#N/A,#N/A,#N/A,#N/A,#N/A,false,#N/A,Skip
186db819-ed86-469b-a20e-2ec477c643d2,Devcast,Customer,45 Spring Street,Melbourne,VIC,3000,Australia,#N/A,#N/A,#N/A,45 Spring Street,Melbourne,VIC,3000,Australia,#N/A,#N/A,#N/A,(03) 8426 7995,#N/A,#N/A,Hospitality,7.70881668E8,#N/A,Globo Gym American Corp is the leader in Hospitality in Melbourne,false,#N/A,#N/A,#N/A,#N/A,false,#N/A,#N/A,#N/A,false,false,false,#N/A,false,false,false,false,#N/A,Never,false,true,#N/A,Contract Based,Same,No,#N/A,#N/A,#N/A,#N/A,#N/A,#N/A,false,#N/A,Skip
ea2daf27-d46a-40d5-87c8-cb727a4d6b63,Topdrive,Prospect,539 S Main St,Findlay,OH,45840-3229,United States,#N/A,#N/A,#N/A,#N/A,#N/A,#N/A,#N/A,#N/A,#N/A,#N/A,#N/A,1.419.422.2121,#N/A,#N/A,Healthcare,7.2258E10,#N/A,Claton Gardner Hospital is the leader in Healthcare in Findlay,false,#N/A,#N/A,#N/A,#N/A,false,#N/A,#N/A,#N/A,false,false,false,#N/A,false,false,false,false,#N/A,Never,false,true,#N/A,Contract Based,Same,No,#N/A,#N/A,#N/A,#N/A,#N/A,#N/A,false,#N/A,Skip
7d260df7-02d6-4d22-8aef-ba7349f852ae,Rhycero,Customer,10 Wingfield St,Annerley,QLD,4103,Australia,#N/A,#N/A,#N/A,10 Wingfield St,Annerley,QLD,4103,Australia,#N/A,#N/A,#N/A,(07) 6433 7486,#N/A,#N/A,Retail,2.55815146E8,#N/A,Chez Quis is the leader in Retail in Annerley,false,#N/A,#N/A,#N/A,#N/A,false,#N/A,#N/A,#N/A,false,false,false,#N/A,false,false,false,false,#N/A,Never,false,true,#N/A,Contract Based,Same,No,#N/A,#N/A,#N/A,#N/A,#N/A,#N/A,false,#N/A,Skip
a0f757d5-43be-4aa2-955d-23e04ae22f35,Photolist,Customer,18 Hillside Rd,Avoca Beach,NSW,2251,Australia,#N/A,#N/A,#N/A,18 Hillside Rd,Avoca Beach,NSW,2251,Australia,#N/A,#N/A,#N/A,(02) 7233 8627,#N/A,#N/A,Healthcare,4.12752795E8,#N/A,CL North is the leader in Healthcare in Avoca Beach,false,#N/A,#N/A,#N/A,#N/A,false,#N/A,#N/A,#N/A,false,false,false,#N/A,false,false,false,false,#N/A,Never,false,true,#N/A,Contract Based,Same,No,#N/A,#N/A,#N/A,#N/A,#N/A,#N/A,false,#N/A,Skip
821fe8c7-12dc-44e2-86e9-f621f3088d0b,Twinder,Prospect,3000 N Sam Houston Pkwy E,Houston,TX,77032-3299,United States,#N/A,#N/A,#N/A,#N/A,#N/A,#N/A,#N/A,#N/A,#N/A,#N/A,#N/A,1.281.871.2699,#N/A,#N/A,Technology,2.3633E10,#N/A,Systym Vitals is the leader in Technology in Houston,false,#N/A,#N/A,#N/A,#N/A,false,#N/A,#N/A,#N/A,false,false,false,#N/A,false,false,false,false,#N/A,Never,false,true,#N/A,Contract Based,Same,No,#N/A,#N/A,#N/A,#N/A,#N/A,#N/A,false,#N/A,Skip
4e5749d5-92e9-4731-82f6-409f806204b8,Linklinks,Prospect,336 Erie Plaza,Pueblo,CO,81005,United States,#N/A,#N/A,#N/A,#N/A,#N/A,#N/A,#N/A,#N/A,#N/A,#N/A,#N/A,#N/A,#N/A,#N/A,Utilities,2.4520919E7,#N/A,#N/A,false,#N/A,#N/A,#N/A,#N/A,false,#N/A,#N/A,#N/A,false,false,false,#N/A,false,false,false,false,#N/A,Never,false,true,#N/A,Contract Based,Same,No,#N/A,#N/A,#N/A,#N/A,#N/A,#N/A,false,#N/A,Skip
e2705254-9a30-42a3-ac3d-f0403ba3e71d,Browseblab,Customer,399 Park Ave,New York,NY,10022-4699,United States,#N/A,#N/A,#N/A,100 North Riverside.,#N/A,#N/A,#N/A,#N/A,#N/A,#N/A,#N/A,1.212.559.1000,#N/A,#N/A,Manufacturing,8.8275E10,#N/A,Martic-Morales Corp. is the leader in Manufacturing in New York,false,#N/A,#N/A,#N/A,#N/A,false,#N/A,#N/A,#N/A,false,false,false,#N/A,false,false,false,false,#N/A,Never,false,true,#N/A,Contract Based,Same,No,#N/A,#N/A,#N/A,#N/A,#N/A,#N/A,false,#N/A,Skip
9cc34213-1502-44f3-8ed1-609b175b2f72,Trudoo,Customer,66 Beckenham St,Canley Vale,NSW,2166,Australia,#N/A,#N/A,#N/A,66 Beckenham St,Canley Vale,NSW,2166,Australia,#N/A,#N/A,#N/A,(02) 6548 7709,#N/A,#N/A,Consulting,1.78663741E8,#N/A,Mr. Sparkle is the leader in Consulting in Canley Vale,false,#N/A,#N/A,#N/A,#N/A,false,#N/A,#N/A,#N/A,false,false,false,#N/A,false,false,false,false,#N/A,Never,false,true,#N/A,Contract Based,Same,No,#N/A,#N/A,#N/A,#N/A,#N/A,#N/A,false,#N/A,Skip
1243404d-ee73-4286-94cd-8d6a57821109,Podcat,Prospect,356 Ocean View Rd,Ettalong Beach,NSW,2257,Australia,#N/A,#N/A,#N/A,356 Ocean View Rd,Ettalong Beach,NSW,2257,Australia,#N/A,#N/A,#N/A,(02) 7575 8703,#N/A,#N/A,Retail,6.52105621E8,#N/A,Mainway Toys is the leader in Retail in Ettalong Beach,false,#N/A,#N/A,#N/A,#N/A,false,#N/A,#N/A,#N/A,false,false,false,#N/A,false,false,false,false,#N/A,Never,false,true,#N/A,Contract Based,Same,No,#N/A,#N/A,#N/A,#N/A,#N/A,#N/A,false,#N/A,Skip
f74ff42e-d004-4371-bee9-05ed79a4a16b,Shake Shack,Customer,#N/A,#N/A,#N/A,#N/A,#N/A,#N/A,#N/A,#N/A,#N/A,#N/A,#N/A,#N/A,#N/A,#N/A,#N/A,#N/A,#N/A,#N/A,#N/A,Restaurant,#N/A,#N/A,#N/A,false,#N/A,#N/A,#N/A,#N/A,false,#N/A,#N/A,#N/A,false,false,false,#N/A,false,false,false,false,#N/A,Never,false,true,#N/A,Contract Based,Same,No,168.0,0.0,12-3456789,ap@shakeshak.com,#N/A,#N/A,false,#N/A,Skip
de39c607-194c-44d4-a127-8cd4eb432afd,Pixope,Prospect,50137 Brickson Park Alley,Savannah,GA,31410,United States,#N/A,#N/A,#N/A,#N/A,#N/A,#N/A,#N/A,#N/A,#N/A,#N/A,#N/A,#N/A,#N/A,#N/A,Consulting,2.9111322E7,#N/A,#N/A,false,#N/A,#N/A,#N/A,#N/A,false,#N/A,#N/A,#N/A,false,false,false,#N/A,false,false,false,false,#N/A,Never,false,true,#N/A,Contract Based,Same,No,#N/A,#N/A,#N/A,#N/A,#N/A,#N/A,false,#N/A,Skip
20c03afe-1d26-4cb2-af84-c989196cf6ab,salesforce.com,Prospect,"The Landmark @ One Market, Suite 300",San Francisco,CA,94105,USA,#N/A,#N/A,#N/A,"The Landmark @ One Market, Suite 300",San Francisco,CA,94105,USA,#N/A,#N/A,#N/A,(415) 901-7000,(415) 901-7040,http://www.salesforce.com,Corporate Office,#N/A,#N/A,"Founded in March 1999, salesforce.com (http://www.salesforce.com) builds and delivers customer relationship management (CRM) applications as scalable online services. The salesforce.com product suite - Team Edition, Professional Edition, Enterprise Edition, Wireless Edition and Offline Edition - gives companies of all sizes a complete 360-degree view of the customer. The company's award-winning CRM solutions provide integrated online sales force automation, customer service and support management, and marketing automation applications to help companies meet the complex challenges of global customer communication. Salesforce.com has received considerable recognition in the industry, including Editors' Choice and two Five-Star ratings from PC Magazine, two Deploy Awards from InfoWorld, Red Herring 100, Upside Hot 100, Investor's Choice Award from Enterprise Outlook, Editors' Choice from TMCLabs, Top 10 CRM Implementation from Aberdeen Group, and InfoWorld's 2001 CRM Technology of the Year. Founded in 1999, salesforce.com is headquartered in San Francisco, with offices in Europe and Asia.",false,#N/A,#N/A,#N/A,#N/A,false,#N/A,#N/A,#N/A,false,false,false,#N/A,false,false,false,false,#N/A,#N/A,false,false,#N/A,#N/A,#N/A,#N/A,33.0,0.0,12-3456789,ap@salesforce.com,#N/A,#N/A,false,#N/A,Skip
1562ae0b-10ff-48c4-aadc-8994d1e273ae,Mynte,Customer,6/14-16 Freeman Rd,Chatswood,NSW,2057,Australia,#N/A,#N/A,#N/A,6/14-16 Freeman Rd,Chatswood,NSW,2057,Australia,#N/A,#N/A,#N/A,(02) 6453 6240,#N/A,#N/A,Government,6.26746894E8,#N/A,Omni Consimer Products is the leader in Government in Chatswood,false,#N/A,#N/A,#N/A,#N/A,false,#N/A,#N/A,#N/A,false,false,false,#N/A,false,false,false,false,#N/A,Never,false,true,#N/A,Contract Based,Same,No,#N/A,#N/A,#N/A,#N/A,#N/A,#N/A,false,#N/A,Skip
194a8c6e-181d-40bb-84ff-36775a792b3d,Feedbug,Prospect,1 Valero Way,San Antonio,TX,78249-1616,United States,#N/A,#N/A,#N/A,P.O. BOX 696000,San Antonio,TX,78269-6000,US,#N/A,#N/A,#N/A,1.210.345.2000,#N/A,#N/A,Non Profit,8.7804E10,#N/A,Feed the Kids is the leader in Non Profit in San Antonio,false,#N/A,#N/A,#N/A,#N/A,false,#N/A,#N/A,#N/A,false,false,false,#N/A,false,false,false,false,#N/A,Never,false,true,#N/A,Contract Based,Same,No,#N/A,#N/A,#N/A,#N/A,#N/A,#N/A,false,#N/A,Skip
6320c506-ff02-4baf-8f16-c6a8a19f8565,Oyoba,Customer,178 Campbell Parade,Bondi,NSW,2026,Australia,#N/A,#N/A,#N/A,178 Campbell Parade,Bondi,NSW,2026,Australia,#N/A,#N/A,#N/A,(02) 7198 7098,#N/A,#N/A,Healthcare,5.6873066E8,#N/A,Danielle Bogartz Hospital is the leader in Healthcare in Bondi,false,#N/A,#N/A,#N/A,#N/A,false,#N/A,#N/A,#N/A,false,false,false,#N/A,false,false,false,false,#N/A,Never,false,true,#N/A,Contract Based,Same,No,#N/A,#N/A,#N/A,#N/A,#N/A,#N/A,false,#N/A,Skip
8ebefa0e-6518-4f34-8143-deed57b50916,Pixoboo,Customer,19100 Ridgewood Pkwy,San Antonio,TX,78259-1834,United States,#N/A,#N/A,#N/A,P.O. BOX 8016,Cary,NC,27512-8016,US,#N/A,#N/A,#N/A,1.210.626.6000,#N/A,#N/A,Consumer Goods,2.8711E10,#N/A,General Products is the leader in Consumer Goods in San Antonio,false,#N/A,#N/A,#N/A,#N/A,false,#N/A,#N/A,#N/A,false,false,false,#N/A,false,false,false,false,#N/A,Never,false,true,#N/A,Contract Based,Same,No,#N/A,#N/A,#N/A,#N/A,#N/A,#N/A,false,#N/A,Skip
aeb8d549-4aaf-45c9-bd83-ba0ccb3cce35,Topicstorm,Customer,1701 JFK Blvd,Philadelphia,PA,19103-2838,United States,#N/A,#N/A,#N/A,#N/A,#N/A,#N/A,#N/A,#N/A,#N/A,#N/A,#N/A,1.215.286.1700,#N/A,#N/A,Technology,7.451E10,#N/A,Initech is the leader in Technology in Philadelphia,false,#N/A,#N/A,#N/A,#N/A,false,#N/A,#N/A,#N/A,false,false,false,#N/A,false,false,false,false,#N/A,Never,false,true,#N/A,Contract Based,Same,No,#N/A,#N/A,#N/A,#N/A,#N/A,#N/A,false,#N/A,Skip
2182431b-7cbf-4d9d-87b9-169fc129c224,Thoughtsphere,Prospect,0526 Hauk Plaza,Lafayette,IN,47905,United States,#N/A,#N/A,#N/A,#N/A,#N/A,#N/A,#N/A,#N/A,#N/A,#N/A,#N/A,#N/A,#N/A,#N/A,Energy,9351157.0,#N/A,#N/A,false,#N/A,#N/A,#N/A,#N/A,false,#N/A,#N/A,#N/A,false,false,false,#N/A,false,false,false,false,#N/A,Never,false,true,#N/A,Contract Based,Same,No,#N/A,#N/A,#N/A,#N/A,#N/A,#N/A,false,#N/A,Skip
24c37fae-9e9b-4767-a679-98a2d77ecdba,Skalith,Customer,40 Archibald St,Fairfield,QLD,4103,Australia,#N/A,#N/A,#N/A,40 Archibald St,Fairfield,QLD,4103,Australia,#N/A,#N/A,#N/A,(07) 8503 6141,#N/A,#N/A,Chemicals,7.40417719E8,#N/A,Mooby Corp is the leader in Chemicals in Fairfield,false,#N/A,#N/A,#N/A,#N/A,false,#N/A,#N/A,#N/A,false,false,false,#N/A,false,false,false,false,#N/A,Never,false,true,#N/A,Contract Based,Same,No,#N/A,#N/A,#N/A,#N/A,#N/A,#N/A,false,#N/A,Skip
b491c743-48bf-492e-b0a6-6e7d3d442969,Browsetype,Customer,708 3rd Ave Rm 1500,New York,NY,10017-4108,United States,#N/A,#N/A,#N/A,708 3rd Ave Rm 1500,#N/A,#N/A,#N/A,#N/A,#N/A,#N/A,#N/A,1.212.485.3500,#N/A,#N/A,Non Profit,3.46761E10,#N/A,First Response Relief Services is the leader in Non Profit in New York,false,#N/A,#N/A,#N/A,#N/A,false,#N/A,#N/A,#N/A,false,false,false,#N/A,false,false,false,false,#N/A,Never,false,true,#N/A,Contract Based,Same,No,#N/A,#N/A,#N/A,#N/A,#N/A,#N/A,false,#N/A,Skip
51b706db-46cb-4f9e-88c2-0ff80ad8062f,Kimia,Customer,2/11 Boyle St,Balgowlah,NSW,2093,Australia,#N/A,#N/A,#N/A,2/11 Boyle St,Balgowlah,NSW,2093,Australia,#N/A,#N/A,#N/A,(02) 6512 8801,#N/A,#N/A,Transportation,4.9892102E7,#N/A,Smith and Co. is the leader in Transportation in Balgowlah,false,#N/A,#N/A,#N/A,#N/A,false,#N/A,#N/A,#N/A,false,false,false,#N/A,false,false,false,false,#N/A,Never,false,true,#N/A,Contract Based,Same,No,#N/A,#N/A,#N/A,#N/A,#N/A,#N/A,false,#N/A,Skip
a7870ec9-c953-4a49-8a30-d925fc0f01fc,Landmark Cinemas,Prospect,#N/A,#N/A,#N/A,#N/A,#N/A,#N/A,#N/A,#N/A,#N/A,#N/A,#N/A,#N/A,#N/A,#N/A,#N/A,#N/A,#N/A,#N/A,#N/A,Entertainment,#N/A,850,#N/A,false,#N/A,#N/A,#N/A,#N/A,false,#N/A,#N/A,#N/A,false,false,false,#N/A,false,false,false,false,#N/A,Never,false,true,#N/A,Contract Based,Same,No,46.0,0.0,12-3456789,ap@landmark.com,#N/A,#N/A,false,#N/A,Skip
e9e56bd1-faa0-4ccf-a7e8-de78485381d1,Dynabox,Prospect,28a College Rd S,Riverview,NSW,2066,Australia,#N/A,#N/A,#N/A,28a College Rd S,Riverview,NSW,2066,Australia,#N/A,#N/A,#N/A,(02) 8954 8573,#N/A,#N/A,Manufacturing,1.89091733E8,#N/A,QWERTY Logistics is the leader in Manufacturing in Riverview,false,#N/A,#N/A,#N/A,#N/A,false,#N/A,#N/A,#N/A,false,false,false,#N/A,false,false,false,false,#N/A,Never,false,true,#N/A,Contract Based,Same,No,#N/A,#N/A,#N/A,#N/A,#N/A,#N/A,false,#N/A,Skip
c23c5a54-9c08-4c1b-894a-9fde70dac4c3,Wikizz,Customer,120 Park Ave FL 6,New York,NY,10017-5592,United States,#N/A,#N/A,#N/A,#N/A,#N/A,#N/A,#N/A,#N/A,#N/A,#N/A,#N/A,1.917.663.2000,#N/A,#N/A,Higher Education,7.3908E10,#N/A,Leza College of Engineering is the leader in Higher Education in New York,false,#N/A,#N/A,#N/A,#N/A,false,#N/A,#N/A,#N/A,false,false,false,#N/A,false,false,false,false,#N/A,Never,false,true,#N/A,Contract Based,Same,No,#N/A,#N/A,#N/A,#N/A,#N/A,#N/A,false,#N/A,Skip
a4a86458-9c7a-4b39-bb02-b3c408f98e1a,IHG Hotels & Resorts,Prospect,#N/A,#N/A,#N/A,#N/A,#N/A,#N/A,#N/A,#N/A,#N/A,#N/A,#N/A,#N/A,#N/A,#N/A,#N/A,#N/A,#N/A,#N/A,#N/A,Hospitality,#N/A,9636,#N/A,false,#N/A,#N/A,#N/A,#N/A,false,#N/A,#N/A,#N/A,false,false,false,#N/A,false,false,false,false,#N/A,Never,false,true,#N/A,Contract Based,Same,No,2950.0,3000.0,73-6482303,accounting@ihg.com.invalid.invalid,#N/A,#N/A,false,#N/A,Skip
c0d8f6b6-44a7-40f9-a219-ddba28b10ecc,Oloo,Customer,100 Ne Adams St,Peoria,IL,61629-0002,United States,#N/A,#N/A,#N/A,#N/A,#N/A,#N/A,#N/A,#N/A,#N/A,#N/A,#N/A,1.309.675.1000,#N/A,#N/A,Automotive,4.7011E10,#N/A,Carthage Automotive is the leader in Automotive in Peoria,false,#N/A,#N/A,#N/A,#N/A,false,#N/A,#N/A,#N/A,false,false,false,#N/A,false,false,false,false,#N/A,Never,false,true,#N/A,Contract Based,Same,No,#N/A,#N/A,#N/A,#N/A,#N/A,#N/A,false,#N/A,Skip
fe83115d-1b24-4ca4-951f-9dbf397747e6,Plambee,Customer,75716,Paris,Paris,#N/A,France,#N/A,#N/A,#N/A,#N/A,#N/A,#N/A,#N/A,#N/A,#N/A,#N/A,#N/A,#N/A,#N/A,#N/A,Agriculture,7.9457611E7,#N/A,Sto Plains Holdings is the leader in Agriculture in Paris,false,#N/A,#N/A,#N/A,#N/A,false,#N/A,#N/A,#N/A,false,false,false,#N/A,false,false,false,false,#N/A,Never,false,true,#N/A,Contract Based,Same,No,#N/A,#N/A,#N/A,#N/A,#N/A,#N/A,false,#N/A,Skip
dc879b26-eef5-4a42-9f54-2f6391bb5444,Aibox,Customer,23 Lundy Av,Kingsgrove,NSW,1480,Australia,#N/A,#N/A,#N/A,23 Lundy Av,Kingsgrove,NSW,1480,Australia,#N/A,#N/A,#N/A,(02) 6082 8265,#N/A,#N/A,Technology,2.21928169E8,#N/A,Spacely Sprockets is the leader in Technology in Kingsgrove,false,#N/A,#N/A,#N/A,#N/A,false,#N/A,#N/A,#N/A,false,false,false,#N/A,false,false,false,false,#N/A,Never,false,true,#N/A,Contract Based,Same,No,#N/A,#N/A,#N/A,#N/A,#N/A,#N/A,false,#N/A,Skip
d26c9074-769f-4dd3-b822-08762ec5f435,Digitube,Prospect,1295 State St,Springfield,MA,01111-0001,United States,#N/A,#N/A,#N/A,#N/A,#N/A,#N/A,#N/A,#N/A,#N/A,#N/A,#N/A,1.413.788.8411,#N/A,#N/A,Manufacturing,1.9687E10,#N/A,Sirius Cybernetics Corporation is the leader in Manufacturing in Springfield,false,#N/A,#N/A,#N/A,#N/A,false,#N/A,#N/A,#N/A,false,false,false,#N/A,false,false,false,false,#N/A,Never,false,true,#N/A,Contract Based,Same,No,#N/A,#N/A,#N/A,#N/A,#N/A,#N/A,false,#N/A,Skip
14232913-25fb-45b0-9545-dc09cf9efc49,Quinu,Customer,7 W 7th St,Cincinnati,OH,45202-2424,United States,#N/A,#N/A,#N/A,701 W Georgia St,#N/A,#N/A,#N/A,#N/A,#N/A,#N/A,#N/A,1.513.579.7000,#N/A,#N/A,Non Profit,2.7079E10,#N/A,Capitol Museum of Art is the leader in Non Profit in Cincinnati,false,#N/A,#N/A,#N/A,#N/A,false,#N/A,#N/A,#N/A,false,false,false,#N/A,false,false,false,false,#N/A,Never,false,true,#N/A,Contract Based,Same,No,#N/A,#N/A,#N/A,#N/A,#N/A,#N/A,false,#N/A,Skip
ad8f7837-d32f-413c-b3c4-b90bb36895cc,Wordtune,Prospect,1 Infinite Loop,Cupertino,CA,95014-2083,United States,#N/A,#N/A,#N/A,#N/A,#N/A,#N/A,#N/A,#N/A,#N/A,#N/A,#N/A,1.408.996.1010,#N/A,#N/A,Transportation,2.33715E11,#N/A,Sweetwine Car Service is the leader in Transportation in Cupertino,false,#N/A,#N/A,#N/A,#N/A,false,#N/A,#N/A,#N/A,false,false,false,#N/A,false,false,false,false,#N/A,Never,false,true,#N/A,Contract Based,Same,No,#N/A,#N/A,#N/A,#N/A,#N/A,#N/A,false,#N/A,Skip
dd3330be-ca21-4cb4-8acb-59e3a29631ed,Agimba,Customer,18 McMahon Dr,Ballan,VIC,3342,Australia,#N/A,#N/A,#N/A,18 McMahon Dr,Ballan,VIC,3342,Australia,#N/A,#N/A,#N/A,(03) 8664 6673,#N/A,#N/A,Apparel,5.29570951E8,#N/A,Minuteman Cafe is the leader in Apparel in Ballan,false,#N/A,#N/A,#N/A,#N/A,false,#N/A,#N/A,#N/A,false,false,false,#N/A,false,false,false,false,#N/A,Never,false,true,#N/A,Contract Based,Same,No,#N/A,#N/A,#N/A,#N/A,#N/A,#N/A,false,#N/A,Skip
25254a31-a371-4798-9125-8dd8efd28636,Six Flags Entertainment,Prospect,#N/A,#N/A,TX,#N/A,#N/A,#N/A,#N/A,#N/A,#N/A,#N/A,#N/A,#N/A,#N/A,#N/A,#N/A,#N/A,#N/A,#N/A,#N/A,Entertainment,#N/A,#N/A,#N/A,false,#N/A,#N/A,#N/A,#N/A,false,#N/A,#N/A,#N/A,false,false,false,#N/A,false,false,false,false,#N/A,Never,false,true,#N/A,Contract Based,Same,No,26.0,0.0,12-3456789,ap@sixflags.com,#N/A,#N/A,false,#N/A,Skip
96f71fc6-a2ff-454d-a3ed-d3b3813f52f9,Tagopia,Customer,1 Toyota-Cho,Tokyo,#N/A,#N/A,Japan,#N/A,#N/A,#N/A,4 Riverside Rd,#N/A,#N/A,#N/A,#N/A,#N/A,#N/A,#N/A,#N/A,#N/A,#N/A,Technology,6.30331409E8,#N/A,Widget Corp is the leader in Technology,false,#N/A,#N/A,#N/A,#N/A,false,#N/A,#N/A,#N/A,false,false,false,#N/A,false,false,false,false,#N/A,Never,false,true,#N/A,Contract Based,Same,No,#N/A,#N/A,#N/A,#N/A,#N/A,#N/A,false,#N/A,Skip
844d1cc6-6523-47cb-b87e-e468f1f558c7,Sample Account for Entitlements,#N/A,#N/A,#N/A,#N/A,#N/A,#N/A,#N/A,#N/A,#N/A,#N/A,#N/A,#N/A,#N/A,#N/A,#N/A,#N/A,#N/A,#N/A,#N/A,#N/A,#N/A,#N/A,#N/A,#N/A,false,#N/A,#N/A,#N/A,#N/A,false,#N/A,#N/A,#N/A,false,false,false,#N/A,false,false,false,false,#N/A,Never,false,false,#N/A,#N/A,Same,No,#N/A,#N/A,#N/A,#N/A,#N/A,#N/A,false,#N/A,Skip
29ca5f3e-f69b-43c5-96db-f0fcb2934ade,Centimia,Customer,10 Farm Springs Rd,Farmington,CT,06032-2577,United States,#N/A,#N/A,#N/A,#N/A,#N/A,#N/A,#N/A,#N/A,#N/A,#N/A,#N/A,1.860.728.7000,#N/A,#N/A,Transportation,5.6098E10,#N/A,Tungsten Security Services is the leader in Transportation in Farmington,false,#N/A,#N/A,#N/A,#N/A,false,#N/A,#N/A,#N/A,false,false,false,#N/A,false,false,false,false,#N/A,Never,false,true,#N/A,Contract Based,Same,No,#N/A,#N/A,#N/A,#N/A,#N/A,#N/A,false,#N/A,Skip
7b6f29f1-9b56-46d6-a777-3f4829315a80,Test Test,#N/A,#N/A,#N/A,#N/A,#N/A,#N/A,#N/A,#N/A,#N/A,#N/A,#N/A,#N/A,#N/A,#N/A,#N/A,#N/A,#N/A,#N/A,#N/A,#N/A,#N/A,#N/A,#N/A,#N/A,false,#N/A,#N/A,#N/A,#N/A,false,#N/A,#N/A,#N/A,false,false,false,#N/A,false,false,false,false,#N/A,Never,false,true,#N/A,Contract Based,Same,No,#N/A,#N/A,#N/A,#N/A,#N/A,#N/A,false,#N/A,Skip
38bf9300-9c15-4194-be3f-40a09810853a,Oozz,Customer,170 W Tasman Dr,San Jose,CA,95134-1706,United States,#N/A,#N/A,#N/A,#N/A,#N/A,#N/A,#N/A,#N/A,#N/A,#N/A,#N/A,1.408.526.4000,#N/A,#N/A,Higher Education,4.9161E10,#N/A,Franklin Research College is the leader in Higher Education in San Jose,false,#N/A,#N/A,#N/A,#N/A,false,#N/A,#N/A,#N/A,false,false,false,#N/A,false,false,false,false,#N/A,Never,false,true,#N/A,Contract Based,Same,No,#N/A,#N/A,#N/A,#N/A,#N/A,#N/A,false,#N/A,Skip
26cf9f56-af40-4006-a72a-74def8d502ed,Vitz,Customer,3135 Easton Tpke,Fairfield,CT,06828-0001,United States,#N/A,#N/A,#N/A,#N/A,#N/A,#N/A,#N/A,#N/A,#N/A,#N/A,#N/A,1.203.373.2211,#N/A,#N/A,Technology,1.17386E11,#N/A,"Signal Processing, LLC is the leader in Technology in Fairfield",false,#N/A,#N/A,#N/A,#N/A,false,#N/A,#N/A,#N/A,false,false,false,#N/A,false,false,false,false,#N/A,Never,false,true,#N/A,Contract Based,Same,No,#N/A,#N/A,#N/A,#N/A,#N/A,#N/A,false,#N/A,Skip
18a7397f-0192-45a2-ac8c-167a41ea8cb9,Popeyes,Customer,#N/A,#N/A,#N/A,#N/A,#N/A,#N/A,#N/A,#N/A,#N/A,#N/A,#N/A,#N/A,#N/A,#N/A,#N/A,#N/A,#N/A,#N/A,#N/A,Restaurant,#N/A,#N/A,#N/A,false,#N/A,#N/A,#N/A,#N/A,false,#N/A,#N/A,#N/A,false,false,false,#N/A,false,false,false,false,#N/A,Never,false,true,#N/A,Contract Based,Same,No,30.0,3072.0,12-3456789,billing@popeyes.co,#N/A,#N/A,false,#N/A,Skip
ad4efe8f-969d-45a6-8367-92d37737206b,Voolia,Customer,"16, bd des Italiens",Paris,Paris,#N/A,France,#N/A,#N/A,#N/A,#N/A,#N/A,#N/A,#N/A,#N/A,#N/A,#N/A,#N/A,#N/A,#N/A,#N/A,Healthcare,7.76395463E8,#N/A,SS South is the leader in Healthcare in Paris,false,#N/A,#N/A,#N/A,#N/A,false,#N/A,#N/A,#N/A,false,false,false,#N/A,false,false,false,false,#N/A,Never,false,true,#N/A,Contract Based,Same,No,#N/A,#N/A,#N/A,#N/A,#N/A,#N/A,false,#N/A,Skip
20284815-0924-4bf1-8ad5-42311d6ade31,Skinte,Customer,9900 Bren Rd E Ste 300w,Minnetonka,MN,55343-9693,United States,#N/A,#N/A,#N/A,P.O. BOX 1459,Minneapolis,MN,55440-1459,US,#N/A,#N/A,#N/A,1.952.936.1300,#N/A,#N/A,Shipping,1.57107E11,#N/A,"Input, Inc. is the leader in Shipping in Minnetonka",false,#N/A,#N/A,#N/A,#N/A,false,#N/A,#N/A,#N/A,false,false,false,#N/A,false,false,false,false,#N/A,Never,false,true,#N/A,Contract Based,Same,No,#N/A,#N/A,#N/A,#N/A,#N/A,#N/A,false,#N/A,Skip
0b1a2991-fee3-4caa-928a-de5c51300fd4,Avaveo,Customer,7601 Penn Ave S,Richfield,MN,55423-3683,United States,#N/A,#N/A,#N/A,#N/A,#N/A,#N/A,#N/A,#N/A,#N/A,#N/A,#N/A,1.612.291.1000,#N/A,#N/A,Services,3.9528E10,#N/A,"Kustodial Services, LLC is the leader in Services in Richfield",false,#N/A,#N/A,#N/A,#N/A,false,#N/A,#N/A,#N/A,false,false,false,#N/A,false,false,false,false,#N/A,Never,false,true,#N/A,Contract Based,Same,No,#N/A,#N/A,#N/A,#N/A,#N/A,#N/A,false,#N/A,Skip
c7717326-09af-4348-b090-e4be2dac6029,Chatterpoint,Customer,980 Great West Road,Middlesex,London,#N/A,United Kingdom,#N/A,#N/A,#N/A,#N/A,#N/A,#N/A,#N/A,#N/A,#N/A,#N/A,#N/A,#N/A,#N/A,#N/A,Healthcare,8.9244318E7,#N/A,TF South is the leader in Healthcare in Middlesex,false,#N/A,#N/A,#N/A,#N/A,false,#N/A,#N/A,#N/A,false,false,false,#N/A,false,false,false,false,#N/A,Never,false,true,#N/A,Contract Based,Same,No,#N/A,#N/A,#N/A,#N/A,#N/A,#N/A,false,#N/A,Skip
d4cf901d-979f-4292-a395-1f2faf558b4f,Gabtune,Prospect,1234 Hilltop Road,Broomfield,Colorado,80020,USA,#N/A,#N/A,#N/A,#N/A,#N/A,#N/A,#N/A,#N/A,#N/A,#N/A,#N/A,(720) 562-5896,#N/A,#N/A,Healthcare,#N/A,#N/A,Adams Household is the leader in Healthcare in Broomfield,false,#N/A,#N/A,#N/A,#N/A,false,#N/A,#N/A,#N/A,false,false,false,#N/A,false,false,false,false,#N/A,Never,false,true,#N/A,Contract Based,Same,No,#N/A,#N/A,#N/A,#N/A,#N/A,#N/A,false,#N/A,Skip
58fcb992-01d9-44fc-af97-1bdec9cada6b,Bluejam,Customer,348 St Kilda Road,Melbourne,VIC,3004,Australia,#N/A,#N/A,#N/A,348 St Kilda Road,Melbourne,VIC,3004,Australia,#N/A,#N/A,#N/A,(03) 7876 8876,#N/A,#N/A,Food & Beverage,5.73645303E8,#N/A,Globex Corporation is the leader in Food & Beverage in Melbourne,false,#N/A,#N/A,#N/A,#N/A,false,#N/A,#N/A,#N/A,false,false,false,#N/A,false,false,false,false,#N/A,Never,false,true,#N/A,Contract Based,Same,No,#N/A,#N/A,#N/A,#N/A,#N/A,#N/A,false,#N/A,Skip
37afb168-f0e8-423a-a651-bf9649ca6220,Tagtune,Customer,8200 Jones Branch Dr,Mc Lean,VA,22102-3107,United States,#N/A,#N/A,#N/A,#N/A,#N/A,#N/A,#N/A,#N/A,#N/A,#N/A,#N/A,1.703.903.2000,#N/A,#N/A,Hospitality,6.3491E10,#N/A,Decorum Interior Design is the leader in Hospitality in Mc Lean,false,#N/A,#N/A,#N/A,#N/A,false,#N/A,#N/A,#N/A,false,false,false,#N/A,false,false,false,false,#N/A,Never,false,true,#N/A,Contract Based,Same,No,#N/A,#N/A,#N/A,#N/A,#N/A,#N/A,false,#N/A,Skip
217f512a-ace2-4a1b-9a0c-005f95f1aa95,Layo,Customer,1030 Delta Blvd,Atlanta,GA,30354-1989,United States,#N/A,#N/A,#N/A,P.O. BOX 20706,Atlanta,GA,30320-6001,US,#N/A,#N/A,#N/A,1.404.715.2600,#N/A,#N/A,Shipping,4.0704E10,#N/A,Taggart Transcontinental is the leader in Shipping in Atlanta,false,#N/A,#N/A,#N/A,#N/A,false,#N/A,#N/A,#N/A,false,false,false,#N/A,false,false,false,false,#N/A,Never,false,true,#N/A,Contract Based,Same,No,#N/A,#N/A,#N/A,#N/A,#N/A,#N/A,false,#N/A,Skip
01d60599-0870-4bce-a802-e1079d380e84,Brightdog,Customer,3010 Briarpark Dr,Houston,TX,77042-3706,United States,#N/A,#N/A,#N/A,P.O. BOX 4428,Houston,TX,77210-4428,US,#N/A,#N/A,#N/A,1.281.293.6600,#N/A,#N/A,Hospitality,1.00949E11,#N/A,Your Lesiure Microtels is the leader in Hospitality in Houston,false,#N/A,#N/A,#N/A,#N/A,false,#N/A,#N/A,#N/A,false,false,false,#N/A,false,false,false,false,#N/A,Never,false,true,#N/A,Contract Based,Same,No,#N/A,#N/A,#N/A,#N/A,#N/A,#N/A,false,#N/A,Skip
366f30ac-06fa-4d07-bd6a-526f628d72f9,Roomm,Prospect,151 Farmington Ave,Hartford,CT,06156-0001,United States,#N/A,#N/A,#N/A,#N/A,#N/A,#N/A,#N/A,#N/A,#N/A,#N/A,#N/A,1.860.273.0123,#N/A,#N/A,Energy,6.03365E10,#N/A,Initrode is the leader in Energy in Hartford,false,#N/A,#N/A,#N/A,#N/A,false,#N/A,#N/A,#N/A,false,false,false,#N/A,false,false,false,false,#N/A,Never,false,true,#N/A,Contract Based,Same,No,#N/A,#N/A,#N/A,#N/A,#N/A,#N/A,false,#N/A,Skip
95e92fce-4b5c-4931-a868-bba192e83b93,Fliptune,Customer,8111 Westchester Dr # 600,Dallas,TX,75225-6142,United States,#N/A,#N/A,#N/A,#N/A,#N/A,#N/A,#N/A,#N/A,#N/A,#N/A,#N/A,1.214.981.0700,#N/A,#N/A,Media,3.4292E10,#N/A,Mammoth Pictures is the leader in Media in Dallas,false,#N/A,#N/A,#N/A,#N/A,false,#N/A,#N/A,#N/A,false,false,false,#N/A,false,false,false,false,#N/A,Never,false,true,#N/A,Contract Based,Same,No,#N/A,#N/A,#N/A,#N/A,#N/A,#N/A,false,#N/A,Skip
deb2643f-e4b0-4a03-bbfd-99725a62a149,Blognation,Customer,1 Johnson and Johnson Plz,New Brunswick,NJ,08933-0002,United States,#N/A,#N/A,#N/A,P.O. BOX 767,Neenah,WI,54957-0767,US,#N/A,#N/A,#N/A,1.732.524.0400,#N/A,#N/A,Financial Services,7.0074E10,#N/A,Budgetworks is the leader in Financial Services in New Brunswick,false,#N/A,#N/A,#N/A,#N/A,false,#N/A,#N/A,#N/A,false,false,false,#N/A,false,false,false,false,#N/A,Never,false,true,#N/A,Contract Based,Same,No,#N/A,#N/A,#N/A,#N/A,#N/A,#N/A,false,#N/A,Skip
c3076775-5b66-4d58-b7f0-b929ed4c6273,McDonalds,Prospect,#N/A,#N/A,#N/A,#N/A,#N/A,#N/A,#N/A,#N/A,#N/A,#N/A,#N/A,#N/A,#N/A,#N/A,#N/A,#N/A,#N/A,#N/A,#N/A,Restaurant,#N/A,205000,#N/A,false,#N/A,#N/A,#N/A,#N/A,false,#N/A,#N/A,#N/A,false,false,false,#N/A,false,false,false,false,#N/A,Never,false,true,#N/A,Contract Based,Same,No,2636.0,36059.0,62-0234622,ap@mcdonalds.com.invalid.invalid,#N/A,#N/A,false,#N/A,Skip
fb34e24e-1cca-4e8a-8b72-95e624019ae4,Wordware,Prospect,066 Grayhawk Road,Flushing,NY,11355,United States,#N/A,#N/A,#N/A,#N/A,#N/A,#N/A,#N/A,#N/A,#N/A,#N/A,#N/A,#N/A,#N/A,#N/A,Utilities,1.5566896E7,#N/A,#N/A,false,#N/A,#N/A,#N/A,#N/A,false,#N/A,#N/A,#N/A,false,false,false,#N/A,false,false,false,false,#N/A,Never,false,true,#N/A,Contract Based,Same,No,#N/A,#N/A,#N/A,#N/A,#N/A,#N/A,false,#N/A,Skip
2a22faa3-d4ca-4f26-9f87-5bc6f4d5603a,Browsecat,Customer,6 Rush St,Woollahra,NSW,2025,Australia,#N/A,#N/A,#N/A,6 Rush St,Woollahra,NSW,2025,Australia,#N/A,#N/A,#N/A,(02) 8325 6428,#N/A,#N/A,Insurance,9.43474187E8,#N/A,Rouster and Sideways is the leader in Insurance in Woollahra,false,#N/A,#N/A,#N/A,#N/A,false,#N/A,#N/A,#N/A,false,false,false,#N/A,false,false,false,false,#N/A,Never,false,true,#N/A,Contract Based,Same,No,#N/A,#N/A,#N/A,#N/A,#N/A,#N/A,false,#N/A,Skip
d4b666ab-eebe-48a0-87e8-51c29d6522d9,AMC Entertainment,Customer,#N/A,#N/A,#N/A,#N/A,#N/A,#N/A,#N/A,#N/A,#N/A,#N/A,#N/A,#N/A,#N/A,#N/A,#N/A,#N/A,#N/A,#N/A,#N/A,Entertainment,#N/A,4408,#N/A,false,#N/A,#N/A,#N/A,#N/A,false,#N/A,#N/A,#N/A,false,false,false,#N/A,false,false,false,false,#N/A,Never,false,true,#N/A,Contract Based,Same,No,978.0,0.0,12-3456789,billing@amc.com,#N/A,#N/A,false,#N/A,Skip
9012b860-a22c-4bc3-8153-993c20d04218,Topiclounge,Customer,54 McLaren Street,North Sydney,NSW,2060,Australia,#N/A,#N/A,#N/A,54 McLaren Street,North Sydney,NSW,2060,Australia,#N/A,#N/A,#N/A,(02) 8592 7342,#N/A,#N/A,Consulting,4.528576E8,#N/A,Demo Company is the leader in Consulting in North Sydney,false,#N/A,#N/A,#N/A,#N/A,false,#N/A,#N/A,#N/A,false,false,false,#N/A,false,false,false,false,#N/A,Never,false,true,#N/A,Contract Based,Same,No,#N/A,#N/A,#N/A,#N/A,#N/A,#N/A,false,#N/A,Skip
0b42366e-682c-4195-bfa4-2d3fcaef7c5c,Tazzy,Prospect,1000 Lowes Blvd,Mooresville,NC,28117-8520,United States,#N/A,#N/A,#N/A,P.O. BOX 1000,Mooresville,NC,28115-1000,US,#N/A,#N/A,#N/A,1.704.758.1000,#N/A,#N/A,Consumer Goods,5.9074E10,#N/A,Finley Companies is the leader in Consumer Goods in Mooresville,false,#N/A,#N/A,#N/A,#N/A,false,#N/A,#N/A,#N/A,false,false,false,#N/A,false,false,false,false,#N/A,Never,false,true,#N/A,Contract Based,Same,No,#N/A,#N/A,#N/A,#N/A,#N/A,#N/A,false,#N/A,Skip
80f61ccd-99bb-4427-bcfe-8ab4525641b4,Saint Mary's College,Customer,#N/A,#N/A,IN,#N/A,#N/A,#N/A,#N/A,#N/A,#N/A,#N/A,#N/A,#N/A,#N/A,#N/A,#N/A,#N/A,#N/A,#N/A,#N/A,Education,#N/A,350,#N/A,false,#N/A,#N/A,#N/A,#N/A,false,#N/A,#N/A,#N/A,false,false,false,#N/A,false,false,false,false,#N/A,Never,false,true,#N/A,Contract Based,Same,No,1.0,0.0,12-3456789,accounting@saintmarys.edu,#N/A,#N/A,false,#N/A,Skip
076542db-b683-4cfb-970f-9db92e5b1727,Thoughtstorm,Customer,3 Myra St,Wahroonga,NSW,2076,Australia,#N/A,#N/A,#N/A,3 Myra St,Wahroonga,NSW,2076,Australia,#N/A,#N/A,#N/A,(02) 7820 8765,#N/A,#N/A,Technology,3.45972597E8,#N/A,Nordyne Defense Dynamics is the leader in Technology in Wahroonga,false,#N/A,#N/A,#N/A,#N/A,false,#N/A,#N/A,#N/A,false,false,false,#N/A,false,false,false,false,#N/A,Never,false,true,#N/A,Contract Based,Same,No,#N/A,#N/A,#N/A,#N/A,#N/A,#N/A,false,#N/A,Skip
bad389f6-e263-4c09-bfb4-0d16f88c1b41,Thoughtworks,Customer,19 Airlie Cr,Cecil Hills,NSW,2171,Australia,#N/A,#N/A,#N/A,19 Airlie Cr,Cecil Hills,NSW,2171,Australia,#N/A,#N/A,#N/A,(02) 8210 6814,#N/A,#N/A,Healthcare,2.35005519E8,#N/A,NC North is the leader in Healthcare in Cecil Hills,false,#N/A,#N/A,#N/A,#N/A,false,#N/A,#N/A,#N/A,false,false,false,#N/A,false,false,false,false,#N/A,Never,false,true,#N/A,Contract Based,Same,No,#N/A,#N/A,#N/A,#N/A,#N/A,#N/A,false,#N/A,Skip
b411ef6e-3022-43ee-b553-40d3ff2e8b85,Dazzlesphere,Prospect,1585 Broadway,New York,NY,10036-8200,United States,#N/A,#N/A,#N/A,200 George Street,#N/A,#N/A,#N/A,#N/A,#N/A,#N/A,#N/A,1.212.761.4000,#N/A,#N/A,Automotive,3.7897E10,#N/A,"Clearcoat, LLC is the leader in Automotive in New York",false,#N/A,#N/A,#N/A,#N/A,false,#N/A,#N/A,#N/A,false,false,false,#N/A,false,false,false,false,#N/A,Never,false,true,#N/A,Contract Based,Same,No,#N/A,#N/A,#N/A,#N/A,#N/A,#N/A,false,#N/A,Skip
d023f5b9-1c83-466d-b922-630f7ec2dceb,Flipbug,Prospect,"1006, Oaza Kadoma",Osaka,#N/A,#N/A,Japan,#N/A,#N/A,#N/A,#N/A,#N/A,#N/A,#N/A,#N/A,#N/A,#N/A,#N/A,#N/A,#N/A,#N/A,Healthcare,7.41215097E8,#N/A,TSM South is the leader in Healthcare,false,#N/A,#N/A,#N/A,#N/A,false,#N/A,#N/A,#N/A,false,false,false,#N/A,false,false,false,false,#N/A,Never,false,true,#N/A,Contract Based,Same,No,#N/A,#N/A,#N/A,#N/A,#N/A,#N/A,false,#N/A,Skip
687ec0e4-c6b9-4e70-a0f4-f1094656bbb6,Edgeclub,Customer,2455 Paces Ferry Rd SE,Atlanta,GA,30339-1834,United States,#N/A,#N/A,#N/A,P.O. BOX 105715,Atlanta,GA,30348-5715,US,#N/A,#N/A,#N/A,1.770.433.8211,#N/A,#N/A,Services,8.8519E10,#N/A,"Cashless Systems, Inc. is the leader in Services in Atlanta",false,#N/A,#N/A,#N/A,#N/A,false,#N/A,#N/A,#N/A,false,false,false,#N/A,false,false,false,false,#N/A,Never,false,true,#N/A,Contract Based,Same,No,#N/A,#N/A,#N/A,#N/A,#N/A,#N/A,false,#N/A,Skip
d9104446-70d4-463d-ae1e-3485b7a6fa74,Rhynyx,Customer,120 Monument Cir Ste 200,Indianapolis,IN,46204-4902,United States,#N/A,#N/A,#N/A,#N/A,#N/A,#N/A,#N/A,#N/A,#N/A,#N/A,#N/A,1.317.488.6000,#N/A,#N/A,Consumer Goods,7.91565E10,#N/A,Kellerman Corp. is the leader in Consumer Goods in Indianapolis,false,#N/A,#N/A,#N/A,#N/A,false,#N/A,#N/A,#N/A,false,false,false,#N/A,false,false,false,false,#N/A,Never,false,true,#N/A,Contract Based,Same,No,#N/A,#N/A,#N/A,#N/A,#N/A,#N/A,false,#N/A,Skip
01344150-6523-4ab5-a6bd-5f4f4994885f,Kamba,Prospect,2030 Dow Ctr,Midland,MI,48674-1500,United States,#N/A,#N/A,#N/A,#N/A,#N/A,#N/A,#N/A,#N/A,#N/A,#N/A,#N/A,1.989.636.1000,#N/A,#N/A,Technology,4.8778E10,#N/A,Computico Labs is the leader in Technology in Midland,false,#N/A,#N/A,#N/A,#N/A,false,#N/A,#N/A,#N/A,false,false,false,#N/A,false,false,false,false,#N/A,Never,false,true,#N/A,Contract Based,Same,No,#N/A,#N/A,#N/A,#N/A,#N/A,#N/A,false,#N/A,Skip
d76c61e6-6647-4252-942f-1e9ad16b1557,Edgepulse,Customer,30 Avenue Montaigne,Paris,Paris,#N/A,France,#N/A,#N/A,#N/A,#N/A,#N/A,#N/A,#N/A,#N/A,#N/A,#N/A,#N/A,#N/A,#N/A,#N/A,Healthcare,5.25079613E8,#N/A,St. Francis South Side is the leader in Healthcare in Paris,false,#N/A,#N/A,#N/A,#N/A,false,#N/A,#N/A,#N/A,false,false,false,#N/A,false,false,false,false,#N/A,Never,false,true,#N/A,Contract Based,Same,No,#N/A,#N/A,#N/A,#N/A,#N/A,#N/A,false,#N/A,Skip
1a26b41c-d212-44be-956a-5064237bc0a1,Buzzbean,Prospect,200 West St Bldg 200,New York,NY,10282-2198,United States,#N/A,#N/A,#N/A,#N/A,#N/A,#N/A,#N/A,#N/A,#N/A,#N/A,#N/A,1.212.902.1000,#N/A,#N/A,Energy,3.9208E10,#N/A,"Voltronics, Inc. is the leader in Energy in New York",false,#N/A,#N/A,#N/A,#N/A,false,#N/A,#N/A,#N/A,false,false,false,#N/A,false,false,false,false,#N/A,Never,false,true,#N/A,Contract Based,Same,No,#N/A,#N/A,#N/A,#N/A,#N/A,#N/A,false,#N/A,Skip
d25f9e87-c125-482b-93bb-ce34d731180f,Tazz,Customer,1 John Deere Pl,Moline,IL,61265-8098,United States,#N/A,#N/A,#N/A,#N/A,#N/A,#N/A,#N/A,#N/A,#N/A,#N/A,#N/A,1.309.765.8000,#N/A,#N/A,Technology,2.88628E10,#N/A,Fastforward Software is the leader in Technology in Moline,false,#N/A,#N/A,#N/A,#N/A,false,#N/A,#N/A,#N/A,false,false,false,#N/A,false,false,false,false,#N/A,Never,false,true,#N/A,Contract Based,Same,No,#N/A,#N/A,#N/A,#N/A,#N/A,#N/A,false,#N/A,Skip
d53be6fe-9499-48b8-aff2-fb8a854294fe,Kanoodle,Customer,4/81 Doncaster Av,Kensington,NSW,1465,Australia,#N/A,#N/A,#N/A,4/81 Doncaster Av,Kensington,NSW,1465,Australia,#N/A,#N/A,#N/A,(02) 7112 6523,#N/A,#N/A,Media,4.2451628E8,#N/A,Sample Company is the leader in Media in Kensington,false,#N/A,#N/A,#N/A,#N/A,false,#N/A,#N/A,#N/A,false,false,false,#N/A,false,false,false,false,#N/A,Never,false,true,#N/A,Contract Based,Same,No,#N/A,#N/A,#N/A,#N/A,#N/A,#N/A,false,#N/A,Skip
71741663-e680-4352-8de9-d7f0fad54026,Topicshots,Prospect,1 SW Bowerman Dr,Beaverton,OR,97005-0979,United States,#N/A,#N/A,#N/A,#N/A,#N/A,#N/A,#N/A,#N/A,#N/A,#N/A,#N/A,1.503.671.6453,#N/A,#N/A,Technology,3.0601E10,#N/A,Gadgetron is the leader in Technology in Beaverton,false,#N/A,#N/A,#N/A,#N/A,false,#N/A,#N/A,#N/A,false,false,false,#N/A,false,false,false,false,#N/A,Never,false,true,#N/A,Contract Based,Same,No,#N/A,#N/A,#N/A,#N/A,#N/A,#N/A,false,#N/A,Skip
820ddc74-222e-4f6c-86b0-c2bb1fe06fcc,Zoomlounge,Customer,4 Riverside Rd,Lansvale,NSW,2166,Australia,#N/A,#N/A,#N/A,4 Riverside Rd,Lansvale,NSW,2166,Australia,#N/A,#N/A,#N/A,(02) 6837 7271,#N/A,#N/A,Agriculture,9.05588171E8,#N/A,Sixty Second Avenue is the leader in Agriculture in Lansvale,false,#N/A,#N/A,#N/A,#N/A,false,#N/A,#N/A,#N/A,false,false,false,#N/A,false,false,false,false,#N/A,Never,false,true,#N/A,Contract Based,Same,No,#N/A,#N/A,#N/A,#N/A,#N/A,#N/A,false,#N/A,Skip
c60ef7f2-34cf-4f2d-b50d-237f4a697e7d,KFC,Customer,#N/A,#N/A,#N/A,#N/A,#N/A,#N/A,#N/A,#N/A,#N/A,#N/A,#N/A,#N/A,#N/A,#N/A,#N/A,#N/A,#N/A,#N/A,#N/A,Restaurant,#N/A,500,#N/A,false,#N/A,#N/A,#N/A,#N/A,false,#N/A,#N/A,#N/A,false,false,false,#N/A,false,false,false,false,#N/A,Never,false,true,#N/A,Contract Based,Same,No,1500.0,21621.0,78-5876113,ap@kfc.com.invalid.invalid,#N/A,#N/A,false,#N/A,Skip
a83fe1c6-0c86-4ba1-8db3-9603508e114a,Aivee,Customer,Wittelsbacherplatz 2,Bavaria,Munich,80333,Germany,#N/A,#N/A,#N/A,6/10 Mount St,#N/A,#N/A,#N/A,#N/A,#N/A,#N/A,#N/A,#N/A,#N/A,#N/A,Banking,8.0231577E7,#N/A,Virtucon is the leader in Banking in Bavaria,false,#N/A,#N/A,#N/A,#N/A,false,#N/A,#N/A,#N/A,false,false,false,#N/A,false,false,false,false,#N/A,Never,false,true,#N/A,Contract Based,Same,No,#N/A,#N/A,#N/A,#N/A,#N/A,#N/A,false,#N/A,Skip
1c9016e4-816b-4e62-a1b0-c1f5c8fa1188,Voomm,Prospect,5757 N Green Bay Ave,Milwaukee,WI,53209-4408,United States,#N/A,#N/A,#N/A,P.O. BOX 591,Milwaukee,WI,53201-0591,US,#N/A,#N/A,#N/A,1.414.524.1200,#N/A,#N/A,Machinery,3.7179E10,#N/A,General Forge and Foundry is the leader in Machinery in Milwaukee,false,#N/A,#N/A,#N/A,#N/A,false,#N/A,#N/A,#N/A,false,false,false,#N/A,false,false,false,false,#N/A,Never,false,true,#N/A,Contract Based,Same,No,#N/A,#N/A,#N/A,#N/A,#N/A,#N/A,false,#N/A,Skip
42d553ae-1574-4824-853c-1962fa336861,Kazu,Prospect,1095 Ave of The Americas,New York,NY,10036-6704,United States,#N/A,#N/A,#N/A,#N/A,#N/A,#N/A,#N/A,#N/A,#N/A,#N/A,#N/A,1.212.395.1000,#N/A,#N/A,Services,1.3162E11,#N/A,Colonial Movers is the leader in Services in New York,false,#N/A,#N/A,#N/A,#N/A,false,#N/A,#N/A,#N/A,false,false,false,#N/A,false,false,false,false,#N/A,Never,false,true,#N/A,Contract Based,Same,No,#N/A,#N/A,#N/A,#N/A,#N/A,#N/A,false,#N/A,Skip
1b4f20e0-7e2c-4549-89af-b8d3914ab8cb,Vipe,Prospect,1100 Louisiana St FL 10,Houston,TX,77002-5432,United States,#N/A,#N/A,#N/A,P.O. BOX 4324,Houston,TX,77210-4324,US,#N/A,#N/A,#N/A,1.713.381.6500,#N/A,#N/A,Healthcare,2.70279E10,#N/A,Sylvia Birungi Hospital is the leader in Healthcare in Houston,false,#N/A,#N/A,#N/A,#N/A,false,#N/A,#N/A,#N/A,false,false,false,#N/A,false,false,false,false,#N/A,Never,false,true,#N/A,Contract Based,Same,No,#N/A,#N/A,#N/A,#N/A,#N/A,#N/A,false,#N/A,Skip
39a37eb5-2b43-45df-b870-c05664e05692,Kwimbee,Customer,3351 Michelson Dr Ste 100,Irvine,CA,92612-0697,United States,#N/A,#N/A,#N/A,3351 Michelson Dr Ste 100,#N/A,#N/A,#N/A,#N/A,#N/A,#N/A,#N/A,1.714.566.1000,#N/A,#N/A,Technology,4.3025852E10,#N/A,Abilitech Software Solutions is the leader in Technology in Irvine,false,#N/A,#N/A,#N/A,#N/A,false,#N/A,#N/A,#N/A,false,false,false,#N/A,false,false,false,false,#N/A,Never,false,true,#N/A,Contract Based,Same,No,#N/A,#N/A,#N/A,#N/A,#N/A,#N/A,false,#N/A,Skip
b01c9288-d7bf-4228-add5-32807ee563b8,Quimm,Customer,900 Cottage Grove Rd,Bloomfield,CT,06002-2920,United States,#N/A,#N/A,#N/A,#N/A,#N/A,#N/A,#N/A,#N/A,#N/A,#N/A,#N/A,1.860.226.6000,#N/A,#N/A,Media,3.7876E10,#N/A,Trek Broadcasting is the leader in Media in Bloomfield,false,#N/A,#N/A,#N/A,#N/A,false,#N/A,#N/A,#N/A,false,false,false,#N/A,false,false,false,false,#N/A,Never,false,true,#N/A,Contract Based,Same,No,#N/A,#N/A,#N/A,#N/A,#N/A,#N/A,false,#N/A,Skip
4adaaf8f-2211-4fde-a9f3-90aa2beda6b2,Babbleopia,Customer,5/5a The Avenue,Balaclava,VIC,3183,Australia,#N/A,#N/A,#N/A,5/5a The Avenue,Balaclava,VIC,3183,Australia,#N/A,#N/A,#N/A,(03) 8569 6279,#N/A,#N/A,Healthcare,4.15880303E8,#N/A,Praveen Kagalkar Hospital is the leader in Healthcare in Balaclava,false,#N/A,#N/A,#N/A,#N/A,false,#N/A,#N/A,#N/A,false,false,false,#N/A,false,false,false,false,#N/A,Never,false,true,#N/A,Contract Based,Same,No,#N/A,#N/A,#N/A,#N/A,#N/A,#N/A,false,#N/A,Skip
044a6049-f4ca-4854-ae5a-c67d1b92424f,Marriott Hotels,Customer,#N/A,#N/A,MD,#N/A,#N/A,#N/A,#N/A,#N/A,#N/A,#N/A,#N/A,#N/A,#N/A,#N/A,#N/A,#N/A,#N/A,#N/A,#N/A,Hospitality,#N/A,170234,#N/A,false,#N/A,#N/A,#N/A,#N/A,false,#N/A,#N/A,#N/A,false,false,false,#N/A,false,false,false,false,#N/A,Never,false,true,#N/A,Contract Based,Same,No,2170.0,5314.0,82-8611386,billing@marriott.com.invalid.invalid,#N/A,#N/A,false,#N/A,Skip
02336ca3-3ee1-4858-a7f5-449e79ea737e,Notre Dame University,Prospect,#N/A,#N/A,IN,#N/A,#N/A,#N/A,#N/A,#N/A,#N/A,#N/A,#N/A,#N/A,#N/A,#N/A,#N/A,#N/A,#N/A,#N/A,#N/A,Education,#N/A,1309,#N/A,false,#N/A,#N/A,#N/A,#N/A,false,#N/A,#N/A,#N/A,false,false,false,#N/A,false,false,false,false,#N/A,Never,false,true,#N/A,Contract Based,Same,No,1.0,0.0,12-3456789,ap@notredam.edu,#N/A,#N/A,false,#N/A,Skip
0bbebd9e-980f-4489-bb4b-cd92c88314a3,Pixonyx,Prospect,1 State Farm Plz,Bloomington,IL,61710-0001,United States,#N/A,#N/A,#N/A,#N/A,#N/A,#N/A,#N/A,#N/A,#N/A,#N/A,#N/A,1.309.766.2311,#N/A,#N/A,Energy,5.0687142E10,#N/A,Delphi Energy is the leader in Energy in Bloomington,false,#N/A,#N/A,#N/A,#N/A,false,#N/A,#N/A,#N/A,false,false,false,#N/A,false,false,false,false,#N/A,Never,false,true,#N/A,Contract Based,Same,No,#N/A,#N/A,#N/A,#N/A,#N/A,#N/A,false,#N/A,Skip
8e14703e-fd10-4fda-adbc-831517c9454c,Browsebug,Customer,600 N Dairy Ashford Rd,Houston,TX,77079-1100,United States,#N/A,#N/A,#N/A,P.O. BOX 2197,Houston,TX,77252-2197,US,#N/A,#N/A,#N/A,1.281.293.1000,#N/A,#N/A,Technology,3.0935E10,#N/A,"Optimetrics, LLC is the leader in Technology in Houston",false,#N/A,#N/A,#N/A,#N/A,false,#N/A,#N/A,#N/A,false,false,false,#N/A,false,false,false,false,#N/A,Never,false,true,#N/A,Contract Based,Same,No,#N/A,#N/A,#N/A,#N/A,#N/A,#N/A,false,#N/A,Skip
32e8f6f3-5748-4baf-8bda-c17fff24bb87,Fatz,Customer,1600 Amphitheatre Pkwy,Mountain View,CA,94043-1351,United States,#N/A,#N/A,#N/A,#N/A,#N/A,#N/A,#N/A,#N/A,#N/A,#N/A,#N/A,1.650.253.0000,#N/A,#N/A,Retail,7.4989E10,#N/A,Roxxon is the leader in Retail in Mountain View,false,#N/A,#N/A,#N/A,#N/A,false,#N/A,#N/A,#N/A,false,false,false,#N/A,false,false,false,false,#N/A,Never,false,true,#N/A,Contract Based,Same,No,#N/A,#N/A,#N/A,#N/A,#N/A,#N/A,false,#N/A,Skip
8c27cba5-f069-462c-a6a3-898619e956b4,Realbridge,Prospect,50 Loch Av,Ballarat Central,VIC,3350,Australia,#N/A,#N/A,#N/A,50 Loch Av,Ballarat Central,VIC,3350,Australia,#N/A,#N/A,#N/A,(03) 8300 7460,#N/A,#N/A,Manufacturing,2.89485471E8,#N/A,Incom Corporation is the leader in Manufacturing in Ballarat Central,false,#N/A,#N/A,#N/A,#N/A,false,#N/A,#N/A,#N/A,false,false,false,#N/A,false,false,false,false,#N/A,Never,false,true,#N/A,Contract Based,Same,No,#N/A,#N/A,#N/A,#N/A,#N/A,#N/A,false,#N/A,Skip
d855bf74-e885-4ce8-82cc-3149e020b3cf,Jaxspan,Prospect,67 Como Pde,Como,NSW,2226,Australia,#N/A,#N/A,#N/A,67 Como Pde,Como,NSW,2226,Australia,#N/A,#N/A,#N/A,(02) 6849 6177,#N/A,#N/A,Consulting,6.8846673E7,#N/A,Megadodo Publications is the leader in Consulting in Como,false,#N/A,#N/A,#N/A,#N/A,false,#N/A,#N/A,#N/A,false,false,false,#N/A,false,false,false,false,#N/A,Never,false,true,#N/A,Contract Based,Same,No,#N/A,#N/A,#N/A,#N/A,#N/A,#N/A,false,#N/A,Skip
aea1a190-3b67-4e0a-bcf5-dce0be26dc43,Wikibox,Prospect,920 Sylvan Ave,Mead,CO,80547,USA,#N/A,#N/A,#N/A,#N/A,#N/A,#N/A,#N/A,#N/A,#N/A,#N/A,#N/A,#N/A,#N/A,#N/A,Communications,5.45047272E8,#N/A,Three Waters is the leader in Communications,false,#N/A,#N/A,#N/A,#N/A,false,#N/A,#N/A,#N/A,false,false,false,#N/A,false,false,false,false,#N/A,Never,false,true,#N/A,Contract Based,Same,No,#N/A,#N/A,#N/A,#N/A,#N/A,#N/A,false,#N/A,Skip
eb8cb615-f1be-41cb-8293-0a1b08473ad4,Trunyx,Prospect,420 Montgomery St Frnt,San Francisco,CA,94104-1205,United States,#N/A,#N/A,#N/A,420 Montgomery St Frnt,#N/A,#N/A,#N/A,#N/A,#N/A,#N/A,#N/A,1.866.878.5865,#N/A,#N/A,Financial Services,9.0033E10,#N/A,Cryptocurrents is the leader in Financial Services in San Francisco,false,#N/A,#N/A,#N/A,#N/A,false,#N/A,#N/A,#N/A,false,false,false,#N/A,false,false,false,false,#N/A,Never,false,true,#N/A,Contract Based,Same,No,#N/A,#N/A,#N/A,#N/A,#N/A,#N/A,false,#N/A,Skip
082acf9c-8891-420c-a3fd-66f6c6097e3c,Quire,Customer,4/81 Doncaster Av,Kensington,NSW,1465,Australia,#N/A,#N/A,#N/A,4/81 Doncaster Av,Kensington,NSW,1465,Australia,#N/A,#N/A,#N/A,(02) 6721 8929,#N/A,#N/A,Healthcare,1.46231103E8,#N/A,SB North is the leader in Healthcare in Kensington,false,#N/A,#N/A,#N/A,#N/A,false,#N/A,#N/A,#N/A,false,false,false,#N/A,false,false,false,false,#N/A,Never,false,true,#N/A,Contract Based,Same,No,#N/A,#N/A,#N/A,#N/A,#N/A,#N/A,false,#N/A,Skip
f0f01eb2-48d1-4867-a224-ac73e887e68e,Jaxworks,Customer,60 Columbus Cir FL 17,New York,NY,10023-5860,United States,#N/A,#N/A,#N/A,6/10 Mount St,#N/A,#N/A,#N/A,#N/A,#N/A,#N/A,#N/A,1.212.364.8200,#N/A,#N/A,Finance,2.3697E10,#N/A,Thrift Bank is the leader in Finance in New York,false,#N/A,#N/A,#N/A,#N/A,false,#N/A,#N/A,#N/A,false,false,false,#N/A,false,false,false,false,#N/A,Never,false,true,#N/A,Contract Based,Same,No,#N/A,#N/A,#N/A,#N/A,#N/A,#N/A,false,#N/A,Skip
5463fefd-cbbe-4302-b187-6f06ed87166a,Twitterwire,Customer,BC V6T 1A7,Vancouver,BC,#N/A,Canada,#N/A,#N/A,#N/A,#N/A,#N/A,#N/A,#N/A,#N/A,#N/A,#N/A,#N/A,#N/A,#N/A,#N/A,Services,5.0E7,#N/A,Spade and Archer is the leader in Services in BC,false,#N/A,#N/A,#N/A,#N/A,false,#N/A,#N/A,#N/A,false,false,false,#N/A,false,false,false,false,#N/A,Never,false,true,#N/A,Contract Based,Same,No,#N/A,#N/A,#N/A,#N/A,#N/A,#N/A,false,#N/A,Skip
2c61e3dd-1c2f-4f8b-a766-c27c1a92a5b0,Jabbertype,Prospect,71 Miller Hill,Indianapolis,IN,46202,United States,#N/A,#N/A,#N/A,#N/A,#N/A,#N/A,#N/A,#N/A,#N/A,#N/A,#N/A,#N/A,#N/A,#N/A,Utilities,1222212.0,#N/A,#N/A,false,#N/A,#N/A,#N/A,#N/A,false,#N/A,#N/A,#N/A,false,false,false,#N/A,false,false,false,false,#N/A,Never,false,true,#N/A,Contract Based,Same,No,#N/A,#N/A,#N/A,#N/A,#N/A,#N/A,false,#N/A,Skip
6d9fbfda-7266-47b7-b10a-c82c731d19c4,Photobug,Prospect,2 Graceland Street,Bloomington,IN,47405,United States,#N/A,#N/A,#N/A,#N/A,#N/A,#N/A,#N/A,#N/A,#N/A,#N/A,#N/A,#N/A,#N/A,#N/A,Manufacturing,3645701.0,#N/A,#N/A,false,#N/A,#N/A,#N/A,#N/A,false,#N/A,#N/A,#N/A,false,false,false,#N/A,false,false,false,false,#N/A,Never,false,true,#N/A,Contract Based,Same,No,#N/A,#N/A,#N/A,#N/A,#N/A,#N/A,false,#N/A,Skip
2aaa3f1b-0810-40c9-a48e-691cc50d9dac,Fiveclub,Customer,1014 Vine St Ste 1000,Cincinnati,OH,45202-1100,United States,#N/A,#N/A,#N/A,#N/A,#N/A,#N/A,#N/A,#N/A,#N/A,#N/A,#N/A,1.513.762.4000,#N/A,#N/A,Higher Education,1.0983E11,#N/A,Hagan University is the leader in Higher Education in Cincinnati,false,#N/A,#N/A,#N/A,#N/A,false,#N/A,#N/A,#N/A,false,false,false,#N/A,false,false,false,false,#N/A,Never,false,true,#N/A,Contract Based,Same,No,#N/A,#N/A,#N/A,#N/A,#N/A,#N/A,false,#N/A,Skip
4b80d5c3-49f6-48da-83f2-8ba3d7b52d80,Yamia,Prospect,700 Anderson Hill Rd,Purchase,NY,10577-1444,United States,#N/A,#N/A,#N/A,#N/A,#N/A,#N/A,#N/A,#N/A,#N/A,#N/A,#N/A,1.914.253.2000,#N/A,#N/A,Hospitality,6.3056E10,#N/A,General Services Corporation is the leader in Hospitality in Purchase,false,#N/A,#N/A,#N/A,#N/A,false,#N/A,#N/A,#N/A,false,false,false,#N/A,false,false,false,false,#N/A,Never,false,true,#N/A,Contract Based,Same,No,#N/A,#N/A,#N/A,#N/A,#N/A,#N/A,false,#N/A,Skip
73729ff8-9a1a-45f3-bd8c-493be8b824c1,Skyvu,Prospect,250 E Parkcenter Blvd,Boise,ID,83706-3999,United States,#N/A,#N/A,#N/A,#N/A,#N/A,#N/A,#N/A,#N/A,#N/A,#N/A,#N/A,1.208.395.6200,#N/A,#N/A,Communications,5.6771552999E10,#N/A,Spruik Communications is the leader in Communications in Boise,false,#N/A,#N/A,#N/A,#N/A,false,#N/A,#N/A,#N/A,false,false,false,#N/A,false,false,false,false,#N/A,Never,false,true,#N/A,Contract Based,Same,No,#N/A,#N/A,#N/A,#N/A,#N/A,#N/A,false,#N/A,Skip
484d572f-f176-4951-8005-44fc815f8edf,Skyba,Customer,3300 Publix Corp Pkwy,Lakeland,FL,33811-3311,United States,#N/A,#N/A,#N/A,P.O. BOX 407,Lakeland,FL,33802-0407,US,#N/A,#N/A,#N/A,1.863.688.1188,#N/A,#N/A,Retail,3.2618759E10,#N/A,"Mecurial, Inc. is the leader in Retail in Lakeland",false,#N/A,#N/A,#N/A,#N/A,false,#N/A,#N/A,#N/A,false,false,false,#N/A,false,false,false,false,#N/A,Never,false,true,#N/A,Contract Based,Same,No,#N/A,#N/A,#N/A,#N/A,#N/A,#N/A,false,#N/A,Skip
03c053f9-45b4-400d-8be8-da8367de09a8,Jazzy,Prospect,13 Joshua Cl,Bibra Lake,WA,6163,Australia,#N/A,#N/A,#N/A,13 Joshua Cl,Bibra Lake,WA,6163,Australia,#N/A,#N/A,#N/A,(08) 7593 7049,#N/A,#N/A,Healthcare,5.45137679E8,#N/A,PK North is the leader in Healthcare in Bibra Lake,false,#N/A,#N/A,#N/A,#N/A,false,#N/A,#N/A,#N/A,false,false,false,#N/A,false,false,false,false,#N/A,Never,false,true,#N/A,Contract Based,Same,No,#N/A,#N/A,#N/A,#N/A,#N/A,#N/A,false,#N/A,Skip
24ae2c90-1f81-4419-94a5-ea1dc5431a2b,Eamia,Customer,2/2 Bowns Rd,Kogarah,NSW,2217,Australia,#N/A,#N/A,#N/A,2/2 Bowns Rd,Kogarah,NSW,2217,Australia,#N/A,#N/A,#N/A,(02) 8850 8728,#N/A,#N/A,Communications,5.1403189E8,#N/A,Burleigh and Stronginthearm is the leader in Communications in Kogarah,false,#N/A,#N/A,#N/A,#N/A,false,#N/A,#N/A,#N/A,false,false,false,#N/A,false,false,false,false,#N/A,Never,false,true,#N/A,Contract Based,Same,No,#N/A,#N/A,#N/A,#N/A,#N/A,#N/A,false,#N/A,Skip
65348251-9e23-4124-ae6c-95098e9d91a2,Myworks,Customer,333 Clay St Ste 1600,Houston,TX,77002-4101,United States,#N/A,#N/A,#N/A,#N/A,#N/A,#N/A,#N/A,#N/A,#N/A,#N/A,#N/A,1.713.646.4100,#N/A,#N/A,Engineering,2.3152E10,#N/A,Wentworth Industries is the leader in Engineering in Houston,false,#N/A,#N/A,#N/A,#N/A,false,#N/A,#N/A,#N/A,false,false,false,#N/A,false,false,false,false,#N/A,Never,false,true,#N/A,Contract Based,Same,No,#N/A,#N/A,#N/A,#N/A,#N/A,#N/A,false,#N/A,Skip
4dffeb4d-d4f6-464c-9b57-cda36636f156,Bluezoom,Prospect,410 Terry Ave N,Seattle,WA,98109-5210,United States,#N/A,#N/A,#N/A,P.O. BOX 81226,Seattle,WA,98108-1300,US,#N/A,#N/A,#N/A,1.206.266.1000,#N/A,#N/A,Higher Education,1.07006E11,#N/A,Heimdall College of Optometry is the leader in Higher Education in Seattle,false,#N/A,#N/A,#N/A,#N/A,false,#N/A,#N/A,#N/A,false,false,false,#N/A,false,false,false,false,#N/A,Never,false,true,#N/A,Contract Based,Same,No,#N/A,#N/A,#N/A,#N/A,#N/A,#N/A,false,#N/A,Skip
710c9f92-3efe-4fc6-86b7-3878e44ac4a0,Edgetag,Prospect,233 S Wacker Dr,Chicago,IL,60606-7147,United States,#N/A,#N/A,#N/A,29 Noalimba Cr,#N/A,#N/A,#N/A,#N/A,#N/A,#N/A,#N/A,1.872.825.4000,#N/A,#N/A,Retail,3.7864E10,#N/A,Realia Home is the leader in Retail in Chicago,false,#N/A,#N/A,#N/A,#N/A,false,#N/A,#N/A,#N/A,false,false,false,#N/A,false,false,false,false,#N/A,Never,false,true,#N/A,Contract Based,Same,No,#N/A,#N/A,#N/A,#N/A,#N/A,#N/A,false,#N/A,Skip
37d17b99-4830-49dd-b4a3-bf975a4ccd67,Kayveo,Customer,29 Noalimba Cr,Bateman,WA,6150,Australia,#N/A,#N/A,#N/A,29 Noalimba Cr,Bateman,WA,6150,Australia,#N/A,#N/A,#N/A,(08) 7367 7550,#N/A,#N/A,Energy,3.02983857E8,#N/A,North Central Positronics is the leader in Energy in Bateman,false,#N/A,#N/A,#N/A,#N/A,false,#N/A,#N/A,#N/A,false,false,false,#N/A,false,false,false,false,#N/A,Never,false,true,#N/A,Contract Based,Same,No,#N/A,#N/A,#N/A,#N/A,#N/A,#N/A,false,#N/A,Skip
665a4387-ede2-4ce4-a726-000ff3d2d922,Eidel,Customer,45131 Brüsseler Platz,Bavaria,Essen,#N/A,Germany,#N/A,#N/A,#N/A,#N/A,#N/A,#N/A,#N/A,#N/A,#N/A,#N/A,#N/A,#N/A,#N/A,#N/A,Government,6.52105621E8,#N/A,Tessier-Ashpool is the leader in Government in Bavaria,false,#N/A,#N/A,#N/A,#N/A,false,#N/A,#N/A,#N/A,false,false,false,#N/A,false,false,false,false,#N/A,Never,false,true,#N/A,Contract Based,Same,No,#N/A,#N/A,#N/A,#N/A,#N/A,#N/A,false,#N/A,Skip
c0258760-e551-4d77-8c3a-86f94b5d26db,Universal Studios,Prospect,#N/A,#N/A,#N/A,#N/A,#N/A,#N/A,#N/A,#N/A,#N/A,#N/A,#N/A,#N/A,#N/A,#N/A,#N/A,#N/A,#N/A,#N/A,#N/A,Entertainment,#N/A,#N/A,#N/A,false,#N/A,#N/A,#N/A,#N/A,false,#N/A,#N/A,#N/A,false,false,false,#N/A,false,false,false,false,#N/A,Never,false,true,#N/A,Contract Based,Same,No,4.0,0.0,12-3456789,ap@universal.com,#N/A,#N/A,false,#N/A,Skip
a757a03e-2ada-4533-ad05-fd33f887c8bb,Global Media,Prospect,150 Chestnut Street,Toronto,Ontario,L4B 1Y3,Canada,#N/A,#N/A,#N/A,150 Chestnut Street,Toronto,Ontario,L4B 1Y3,Canada,#N/A,#N/A,#N/A,(905) 555-1212,#N/A,#N/A,Corporate Office,#N/A,14668,"GBM is the worldwide leader in technology news and information on the Web and the producer of the longest-running and farthest-reaching television shows about technology. GBM's network of sites combines breakthrough interactive technology with engaging content and design and is consistently ranked as the Internet's leading content network in terms of both audience size and revenue, serving millions of users each day. The company's television programming is broadcast by the USA Network and the Sci-Fi Channel to more than 70 million households and is syndicated to broadcast television stations in the nation's top 120 markets, including the top 10 markets.",false,#N/A,#N/A,#N/A,#N/A,false,#N/A,#N/A,#N/A,false,false,false,#N/A,false,false,false,false,#N/A,#N/A,false,false,#N/A,#N/A,#N/A,#N/A,2.0,0.0,12-3456789,accounting@globalmedia.com,#N/A,#N/A,false,#N/A,Skip
ec932bc1-25e3-4572-845a-5c2262116a17,Dynava,Prospect,3 Parkway N Ste 300,Deerfield,IL,60015-2565,United States,#N/A,#N/A,#N/A,23 Lundy Av,#N/A,#N/A,#N/A,#N/A,#N/A,#N/A,#N/A,1.847.943.4000,#N/A,#N/A,Transportation,2.9636E10,#N/A,SWD Logistics is the leader in Transportation in Deerfield,false,#N/A,#N/A,#N/A,#N/A,false,#N/A,#N/A,#N/A,false,false,false,#N/A,false,false,false,false,#N/A,Never,false,true,#N/A,Contract Based,Same,No,#N/A,#N/A,#N/A,#N/A,#N/A,#N/A,false,#N/A,Skip
838737cb-ca38-4df7-892f-df722e0f1e7b,Fanoodle,Prospect,51368 Leverkusen,North Rhine-Westphalia,Leverkusen,#N/A,Germany,#N/A,#N/A,#N/A,#N/A,#N/A,#N/A,#N/A,#N/A,#N/A,#N/A,#N/A,#N/A,#N/A,#N/A,Banking,8.4202995E8,#N/A,SpringShield is the leader in Banking in North Rhine-Westphalia,false,#N/A,#N/A,#N/A,#N/A,false,#N/A,#N/A,#N/A,false,false,false,#N/A,false,false,false,false,#N/A,Never,false,true,#N/A,Contract Based,Same,No,#N/A,#N/A,#N/A,#N/A,#N/A,#N/A,false,#N/A,Skip
e4255128-7dee-41d8-aebc-0e00f9664742,Zoomcast,Prospect,1 Express Way,Saint Louis,MO,63121-1824,United States,#N/A,#N/A,#N/A,#N/A,#N/A,#N/A,#N/A,#N/A,#N/A,#N/A,#N/A,1.314.996.0900,#N/A,#N/A,Retail,1.01752E11,#N/A,Rhapsodic AG is the leader in Retail in Saint Louis,false,#N/A,#N/A,#N/A,#N/A,false,#N/A,#N/A,#N/A,false,false,false,#N/A,false,false,false,false,#N/A,Never,false,true,#N/A,Contract Based,Same,No,#N/A,#N/A,#N/A,#N/A,#N/A,#N/A,false,#N/A,Skip
fe981786-e62e-4e7c-9912-0f705b23f2af,Bubblemix,Prospect,40 Toirram Cr,Cranbourne,VIC,3977,Australia,#N/A,#N/A,#N/A,40 Toirram Cr,Cranbourne,VIC,3977,Australia,#N/A,#N/A,#N/A,(03) 7305 6379,#N/A,#N/A,Education,3.85068818E8,#N/A,Monarch Playing Card Co. is the leader in Education in Cranbourne,false,#N/A,#N/A,#N/A,#N/A,false,#N/A,#N/A,#N/A,false,false,false,#N/A,false,false,false,false,#N/A,Never,false,true,#N/A,Contract Based,Same,No,#N/A,#N/A,#N/A,#N/A,#N/A,#N/A,false,#N/A,Skip
0983f854-45ad-4c2e-a205-63920f102444,Tavu,Prospect,7 Dartmoor Dr,Cranbourne East,VIC,3977,Australia,#N/A,#N/A,#N/A,7 Dartmoor Dr,Cranbourne East,VIC,3977,Australia,#N/A,#N/A,#N/A,(03) 6820 8401,#N/A,#N/A,Engineering,7.20606185E8,#N/A,Milliways is the leader in Engineering in Cranbourne East,false,#N/A,#N/A,#N/A,#N/A,false,#N/A,#N/A,#N/A,false,false,false,#N/A,false,false,false,false,#N/A,Never,false,true,#N/A,Contract Based,Same,No,#N/A,#N/A,#N/A,#N/A,#N/A,#N/A,false,#N/A,Skip
79885fd4-1421-42ea-a120-91ac20fcb953,Gabcube,Customer,140 Diagonal Rd,Warradale,SA,5046,Australia,#N/A,#N/A,#N/A,140 Diagonal Rd,Warradale,SA,5046,Australia,#N/A,#N/A,#N/A,(08) 8985 7724,#N/A,#N/A,Apparel,1.27207233E8,#N/A,Charles Townsend Agency is the leader in Apparel in Warradale,false,#N/A,#N/A,#N/A,#N/A,false,#N/A,#N/A,#N/A,false,false,false,#N/A,false,false,false,false,#N/A,Never,false,true,#N/A,Contract Based,Same,No,#N/A,#N/A,#N/A,#N/A,#N/A,#N/A,false,#N/A,Skip
60135a75-1be6-4d4c-a56d-f11b48cf1a8d,Kwideo,Customer,390 Harris Street,Sydney,NSW,2007,Australia,#N/A,#N/A,#N/A,390 Harris Street,Sydney,NSW,2007,Australia,#N/A,#N/A,#N/A,(02) 7948 6474,#N/A,#N/A,Energy,6.39903177E8,#N/A,Petrox Oil Company is the leader in Energy in Sydney,false,#N/A,#N/A,#N/A,#N/A,false,#N/A,#N/A,#N/A,false,false,false,#N/A,false,false,false,false,#N/A,Never,false,true,#N/A,Contract Based,Same,No,#N/A,#N/A,#N/A,#N/A,#N/A,#N/A,false,#N/A,Skip
d8b37903-170a-46f1-a891-24eb1dafc178,Noba,Customer,6001 Bollinger Canyon Rd,San Ramon,CA,94583-2324,United States,#N/A,#N/A,#N/A,#N/A,#N/A,#N/A,#N/A,#N/A,#N/A,#N/A,#N/A,1.925.842.1000,#N/A,#N/A,Technology,1.38477E11,#N/A,Audioshore is the leader in Technology in San Ramon,false,#N/A,#N/A,#N/A,#N/A,false,#N/A,#N/A,#N/A,false,false,false,#N/A,false,false,false,false,#N/A,Never,false,true,#N/A,Contract Based,Same,No,#N/A,#N/A,#N/A,#N/A,#N/A,#N/A,false,#N/A,Skip
1cc82fc1-0d11-445e-8234-fe4a98a2e3fb,Divavu,Customer,1300 Morris Dr Ste 100,Chesterbrook,PA,19087-5594,United States,#N/A,#N/A,#N/A,P.O. BOX 959,Valley Forge,PA,19482-0959,US,#N/A,#N/A,#N/A,1.610.727.7000,#N/A,#N/A,Manufacturing,1.35962E11,#N/A,Apogee Corp. is the leader in Manufacturing in Chesterbrook,false,#N/A,#N/A,#N/A,#N/A,false,#N/A,#N/A,#N/A,false,false,false,#N/A,false,false,false,false,#N/A,Never,false,true,#N/A,Contract Based,Same,No,#N/A,#N/A,#N/A,#N/A,#N/A,#N/A,false,#N/A,Skip
d731c096-ead3-472a-a729-b3b396f91530,Meeveo,Customer,"Tesco House, Shire Park, Kestrel Way",Welwyn Garden City,#N/A,AL7 1GA,United Kingdom,#N/A,#N/A,#N/A,"Tesco House, Shire Park, Kestrel Way",#N/A,#N/A,#N/A,#N/A,#N/A,#N/A,#N/A,#N/A,#N/A,#N/A,Biotechnology,1.46231103E8,#N/A,Western Gas & Electric is the leader in Biotechnology,false,#N/A,#N/A,#N/A,#N/A,false,#N/A,#N/A,#N/A,false,false,false,#N/A,false,false,false,false,#N/A,Never,false,true,#N/A,Contract Based,Same,No,#N/A,#N/A,#N/A,#N/A,#N/A,#N/A,false,#N/A,Skip
e8b1df73-2693-4997-b345-adf992fbb341,Zazio,Prospect,4333 Amon Carter Blvd,Fort Worth,TX,76155-2664,United States,#N/A,#N/A,#N/A,P.O. BOX 619616,Dallas,TX,75261-9616,US,#N/A,#N/A,#N/A,1.817.963.1234,#N/A,#N/A,Media,4.099E10,#N/A,Primary Printing is the leader in Media in Fort Worth,false,#N/A,#N/A,#N/A,#N/A,false,#N/A,#N/A,#N/A,false,false,false,#N/A,false,false,false,false,#N/A,Never,false,true,#N/A,Contract Based,Same,No,#N/A,#N/A,#N/A,#N/A,#N/A,#N/A,false,#N/A,Skip
e5fcb320-af81-4efe-85d9-643034e2d899,Yozio,Customer,Friedrich-Ebert-Allee 140,Berlin,Berlin,#N/A,Germany,#N/A,#N/A,#N/A,#N/A,#N/A,#N/A,#N/A,#N/A,#N/A,#N/A,#N/A,#N/A,#N/A,#N/A,Healthcare,6.30331409E8,#N/A,Tara Shea Micko Hospital is the leader in Healthcare in Berlin,false,#N/A,#N/A,#N/A,#N/A,false,#N/A,#N/A,#N/A,false,false,false,#N/A,false,false,false,false,#N/A,Never,false,true,#N/A,Contract Based,Same,No,#N/A,#N/A,#N/A,#N/A,#N/A,#N/A,false,#N/A,Skip
af8d1a59-ad75-4b1b-9818-efc4c2e19b8f,Gabtype,Customer,1 American Rd,Dearborn,MI,48126-2701,United States,#N/A,#N/A,#N/A,P.O. BOX 685,Dearborn,MI,48121-0685,US,#N/A,#N/A,#N/A,1.313.322.3000,#N/A,#N/A,Energy,1.49558E11,#N/A,"Tension, Inc. is the leader in Energy in Dearborn",false,#N/A,#N/A,#N/A,#N/A,false,#N/A,#N/A,#N/A,false,false,false,#N/A,false,false,false,false,#N/A,Never,false,true,#N/A,Contract Based,Same,No,#N/A,#N/A,#N/A,#N/A,#N/A,#N/A,false,#N/A,Skip
9b63c39c-860e-49d1-b10c-555d25dca149,Eazzy,Prospect,7000 Cardinal Pl,Dublin,OH,43017-1091,United States,#N/A,#N/A,#N/A,#N/A,#N/A,#N/A,#N/A,#N/A,#N/A,#N/A,#N/A,1.614.757.5000,#N/A,#N/A,Construction,1.02531E11,#N/A,Sombra Corporation is the leader in Construction in Dublin,false,#N/A,#N/A,#N/A,#N/A,false,#N/A,#N/A,#N/A,false,false,false,#N/A,false,false,false,false,#N/A,Never,false,true,#N/A,Contract Based,Same,No,#N/A,#N/A,#N/A,#N/A,#N/A,#N/A,false,#N/A,Skip
ab96b432-45f8-4254-bdab-fffc68af26e7,Topicware,Customer,avenue Nestlé 55,Zurich,#N/A,#N/A,Switzerland,#N/A,#N/A,#N/A,#N/A,#N/A,#N/A,#N/A,#N/A,#N/A,#N/A,#N/A,#N/A,#N/A,#N/A,Healthcare,1.89167866E8,#N/A,TSM North is the leader in Healthcare,false,#N/A,#N/A,#N/A,#N/A,false,#N/A,#N/A,#N/A,false,false,false,#N/A,false,false,false,false,#N/A,Never,false,true,#N/A,Contract Based,Same,No,#N/A,#N/A,#N/A,#N/A,#N/A,#N/A,false,#N/A,Skip
360f9b04-cd03-42d9-a9d0-cc05ee0c2e92,Camimbo,Customer,3500 Deer Creek Road,Palo Alto,CA,35265,United States,#N/A,#N/A,#N/A,#N/A,#N/A,#N/A,#N/A,#N/A,#N/A,#N/A,#N/A,5552652358,#N/A,#N/A,Shipping,6.524859542E9,#N/A,123 Warehousing is the leader in Shipping in Palo Alto,false,#N/A,#N/A,#N/A,#N/A,false,#N/A,#N/A,#N/A,false,false,false,#N/A,false,false,false,false,#N/A,Never,false,true,#N/A,Contract Based,Same,No,#N/A,#N/A,#N/A,#N/A,#N/A,#N/A,false,#N/A,Skip
1bac11c4-df72-4d6a-8148-7c89a264a601,Dabtype,Prospect,5678 Victory Rd,Brighton,Colorado,80020,USA,#N/A,#N/A,#N/A,#N/A,#N/A,#N/A,#N/A,#N/A,#N/A,#N/A,#N/A,#N/A,#N/A,#N/A,Machinery,#N/A,#N/A,Alexa Roberts is the leader in Machinery in Brighton,false,#N/A,#N/A,#N/A,#N/A,false,#N/A,#N/A,#N/A,false,false,false,#N/A,false,false,false,false,#N/A,Never,false,true,#N/A,Contract Based,Same,No,#N/A,#N/A,#N/A,#N/A,#N/A,#N/A,false,#N/A,Skip
b18f660b-73bf-4e7e-8c43-3545c94f2a1b,Dynazzy,Customer,100 N Tryon St Ste 220,Charlotte,NC,28202-4031,United States,#N/A,#N/A,#N/A,#N/A,#N/A,#N/A,#N/A,#N/A,#N/A,#N/A,#N/A,1.704.386.5681,#N/A,#N/A,Manufacturing,9.3056E10,#N/A,Velso International is the leader in Manufacturing in Charlotte,false,#N/A,#N/A,#N/A,#N/A,false,#N/A,#N/A,#N/A,false,false,false,#N/A,false,false,false,false,#N/A,Never,false,true,#N/A,Contract Based,Same,No,#N/A,#N/A,#N/A,#N/A,#N/A,#N/A,false,#N/A,Skip
e612b72c-01f9-4c49-a2bc-e0582274b24b,Voonix,Customer,1 Procter and Gamble Plz,Cincinnati,OH,45202-3393,United States,#N/A,#N/A,#N/A,P.O. BOX 599,Cincinnati,OH,45201-0599,US,#N/A,#N/A,#N/A,1.513.983.1100,#N/A,#N/A,Consumer Goods,7.6279E10,#N/A,ADM Goods is the leader in Consumer Goods in Cincinnati,false,#N/A,#N/A,#N/A,#N/A,false,#N/A,#N/A,#N/A,false,false,false,#N/A,false,false,false,false,#N/A,Never,false,true,#N/A,Contract Based,Same,No,#N/A,#N/A,#N/A,#N/A,#N/A,#N/A,false,#N/A,Skip
81d96df9-e1fe-41dd-ad0a-8e928a6dd9b5,Hyatt Hotels Corporation,Prospect,#N/A,#N/A,#N/A,#N/A,#N/A,#N/A,#N/A,#N/A,#N/A,#N/A,#N/A,#N/A,#N/A,#N/A,#N/A,#N/A,#N/A,#N/A,#N/A,Hospitality,#N/A,100000,#N/A,false,#N/A,#N/A,#N/A,#N/A,false,#N/A,#N/A,#N/A,false,false,false,#N/A,false,false,false,false,#N/A,Never,false,true,#N/A,Contract Based,Same,No,518.0,378.0,82-1533604,ap@hyatt.com.invalid.invalid,#N/A,#N/A,false,#N/A,Skip
7fdede46-988b-4634-8b37-9392bb140aef,Omba,Customer,5/19-21 Shields St,Redcliffe,QLD,4020,Australia,#N/A,#N/A,#N/A,5/19-21 Shields St,Redcliffe,QLD,4020,Australia,#N/A,#N/A,#N/A,(07) 7859 6584,#N/A,#N/A,Healthcare,2.38658603E8,#N/A,Matt Stecklein Hospital is the leader in Healthcare in Redcliffe,false,#N/A,#N/A,#N/A,#N/A,false,#N/A,#N/A,#N/A,false,false,false,#N/A,false,false,false,false,#N/A,Never,false,true,#N/A,Contract Based,Same,No,#N/A,#N/A,#N/A,#N/A,#N/A,#N/A,false,#N/A,Skip
989094de-5598-4d5a-9c5f-2e1aa671f77c,Jabbersphere,Customer,3333 Beverly Rd,Hoffman Estates,IL,60179-0001,United States,#N/A,#N/A,#N/A,#N/A,#N/A,#N/A,#N/A,#N/A,#N/A,#N/A,#N/A,1.847.286.2500,#N/A,#N/A,Communications,2.5146E10,#N/A,SocialScaling is the leader in Communications in Hoffman Estates,false,#N/A,#N/A,#N/A,#N/A,false,#N/A,#N/A,#N/A,false,false,false,#N/A,false,false,false,false,#N/A,Never,false,true,#N/A,Contract Based,Same,No,#N/A,#N/A,#N/A,#N/A,#N/A,#N/A,false,#N/A,Skip
bcfff8a0-c370-4978-a439-087e1082693b,Lazzy,Customer,28 Besline St,Kuraby,QLD,4112,Australia,#N/A,#N/A,#N/A,28 Besline St,Kuraby,QLD,4112,Australia,#N/A,#N/A,#N/A,(07) 6674 6703,#N/A,#N/A,Manufacturing,9.37328603E8,#N/A,Leeding Engines Ltd. is the leader in Manufacturing in Kuraby,false,#N/A,#N/A,#N/A,#N/A,false,#N/A,#N/A,#N/A,false,false,false,#N/A,false,false,false,false,#N/A,Never,false,true,#N/A,Contract Based,Same,No,#N/A,#N/A,#N/A,#N/A,#N/A,#N/A,false,#N/A,Skip
7be6159d-3fb7-43e6-82fc-936b0ae88890,3/3,#N/A,#N/A,#N/A,#N/A,#N/A,#N/A,#N/A,#N/A,#N/A,#N/A,#N/A,#N/A,#N/A,#N/A,#N/A,#N/A,#N/A,#N/A,#N/A,#N/A,#N/A,#N/A,#N/A,#N/A,false,#N/A,#N/A,#N/A,#N/A,false,#N/A,#N/A,#N/A,false,false,false,#N/A,false,false,false,false,#N/A,Never,false,true,#N/A,Contract Based,Same,No,#N/A,#N/A,#N/A,#N/A,#N/A,#N/A,false,#N/A,Skip
3eb93a27-766c-4684-a107-d9a48d366b9e,Babblestorm,Prospect,1011 Centre Road,Berlin,Berlin,#N/A,Germany,#N/A,#N/A,#N/A,#N/A,#N/A,#N/A,#N/A,#N/A,#N/A,#N/A,#N/A,#N/A,#N/A,#N/A,Biotechnology,2.89485471E8,#N/A,Strickland Propane is the leader in Biotechnology in Berlin,false,#N/A,#N/A,#N/A,#N/A,false,#N/A,#N/A,#N/A,false,false,false,#N/A,false,false,false,false,#N/A,Never,false,true,#N/A,Contract Based,Same,No,#N/A,#N/A,#N/A,#N/A,#N/A,#N/A,false,#N/A,Skip
63488cc8-bb96-4b19-a250-1e86771ba2d6,Voolith,Customer,500 S Buena Vista St,Burbank,CA,91521-0007,United States,#N/A,#N/A,#N/A,#N/A,#N/A,#N/A,#N/A,#N/A,#N/A,#N/A,#N/A,1.818.560.1000,#N/A,#N/A,Higher Education,5.2465E10,#N/A,Larsco College is the leader in Higher Education in Burbank,false,#N/A,#N/A,#N/A,#N/A,false,#N/A,#N/A,#N/A,false,false,false,#N/A,false,false,false,false,#N/A,Never,false,true,#N/A,Contract Based,Same,No,#N/A,#N/A,#N/A,#N/A,#N/A,#N/A,false,#N/A,Skip
f47acd4b-be78-4e1b-b96e-4d36c14f2b94,Gevee,Prospect,6051 Northridge Park,Houston,TX,77240,United States,#N/A,#N/A,#N/A,#N/A,#N/A,#N/A,#N/A,#N/A,#N/A,#N/A,#N/A,#N/A,#N/A,#N/A,Consulting,3317099.0,#N/A,#N/A,false,#N/A,#N/A,#N/A,#N/A,false,#N/A,#N/A,#N/A,false,false,false,#N/A,false,false,false,false,#N/A,Never,false,true,#N/A,Contract Based,Same,No,#N/A,#N/A,#N/A,#N/A,#N/A,#N/A,false,#N/A,Skip
00c8c190-03b2-4281-bb3a-94f9d1570ed5,Cedar Point,Customer,#N/A,#N/A,OH,#N/A,#N/A,#N/A,#N/A,#N/A,#N/A,#N/A,#N/A,#N/A,#N/A,#N/A,#N/A,#N/A,#N/A,#N/A,#N/A,Entertainment,#N/A,2600,#N/A,false,#N/A,#N/A,#N/A,#N/A,false,#N/A,#N/A,#N/A,false,false,false,#N/A,false,false,false,false,#N/A,Never,false,true,#N/A,Contract Based,Same,No,1.0,0.0,12-3456789,billing@cedarpoint.com,#N/A,#N/A,false,#N/A,Skip
710fe2fe-521a-4718-bd07-70d4ff925556,Zoombox,Customer,200 George Street,Sydney,NSW,2000,Australia,#N/A,#N/A,#N/A,200 George Street,Sydney,NSW,2000,Australia,#N/A,#N/A,#N/A,(02) 8858 6163,#N/A,#N/A,Machinery,4.77757321E8,#N/A,Corellian Engineering Corporation is the leader in Machinery in Sydney,false,#N/A,#N/A,#N/A,#N/A,false,#N/A,#N/A,#N/A,false,false,false,#N/A,false,false,false,false,#N/A,Never,false,true,#N/A,Contract Based,Same,No,#N/A,#N/A,#N/A,#N/A,#N/A,#N/A,false,#N/A,Skip
0231da6a-f192-45c1-90b5-d11ea138fd7b,Topicblab,Customer,500 W Main St Ste 300,Louisville,KY,40202-4268,United States,#N/A,#N/A,#N/A,P.O. BOX 14601,Louisville,KY,40214-0601,US,#N/A,#N/A,#N/A,1.502.580.1000,#N/A,#N/A,Apparel,5.4289E10,#N/A,Ankh-Sto Associates is the leader in Apparel in Louisville,false,#N/A,#N/A,#N/A,#N/A,false,#N/A,#N/A,#N/A,false,false,false,#N/A,false,false,false,false,#N/A,Never,false,true,#N/A,Contract Based,Same,No,#N/A,#N/A,#N/A,#N/A,#N/A,#N/A,false,#N/A,Skip
67426f85-bf8c-4abf-b75e-2c60defdf66c,Viva,Customer,34 Frasers Rd,Mitchelton,QLD,4053,Australia,#N/A,#N/A,#N/A,34 Frasers Rd,Mitchelton,QLD,4053,Australia,#N/A,#N/A,#N/A,(07) 8057 8902,#N/A,#N/A,Healthcare,8.4202995E8,#N/A,Christian Lavendar Hospital is the leader in Healthcare in Mitchelton,false,#N/A,#N/A,#N/A,#N/A,false,#N/A,#N/A,#N/A,false,false,false,#N/A,false,false,false,false,#N/A,Never,false,true,#N/A,Contract Based,Same,No,#N/A,#N/A,#N/A,#N/A,#N/A,#N/A,false,#N/A,Skip
61838829-a9b7-4f28-86cc-0de1448b0912,Dabfeed,Customer,300 Chestnut Ridge Road,Bavaria,Munich,#N/A,Germany,#N/A,#N/A,#N/A,#N/A,#N/A,#N/A,#N/A,#N/A,#N/A,#N/A,#N/A,#N/A,#N/A,#N/A,Healthcare,9.05588171E8,#N/A,SS North is the leader in Healthcare in Bavaria,false,#N/A,#N/A,#N/A,#N/A,false,#N/A,#N/A,#N/A,false,false,false,#N/A,false,false,false,false,#N/A,Never,false,true,#N/A,Contract Based,Same,No,#N/A,#N/A,#N/A,#N/A,#N/A,#N/A,false,#N/A,Skip
4157c4c6-359f-4857-a192-02e23ac60ba1,Thoughtblab,Prospect,5898 Superior Street,Danbury,CT,6816,United States,#N/A,#N/A,#N/A,#N/A,#N/A,#N/A,#N/A,#N/A,#N/A,#N/A,#N/A,#N/A,#N/A,#N/A,Insurance,6574015.0,#N/A,#N/A,false,#N/A,#N/A,#N/A,#N/A,false,#N/A,#N/A,#N/A,false,false,false,#N/A,false,false,false,false,#N/A,Never,false,true,#N/A,Contract Based,Same,No,#N/A,#N/A,#N/A,#N/A,#N/A,#N/A,false,#N/A,Skip
ec4fe2b0-83be-4a18-8a3b-0262fd09ea76,Jabberstorm,Customer,6/10 Mount St,Hunters Hill,NSW,2110,Australia,#N/A,#N/A,#N/A,6/10 Mount St,Hunters Hill,NSW,2110,Australia,#N/A,#N/A,#N/A,(02) 6279 8265,#N/A,#N/A,Healthcare,5.85033103E8,#N/A,CG South is the leader in Healthcare in Hunters Hill,false,#N/A,#N/A,#N/A,#N/A,false,#N/A,#N/A,#N/A,false,false,false,#N/A,false,false,false,false,#N/A,Never,false,true,#N/A,Contract Based,Same,No,#N/A,#N/A,#N/A,#N/A,#N/A,#N/A,false,#N/A,Skip
d434c0d2-a14d-4800-9e81-53ea560a44a0,Browsezoom,Prospect,5565 Maple Wood Street,San Jose,CA,95113,United States,#N/A,#N/A,#N/A,#N/A,#N/A,#N/A,#N/A,#N/A,#N/A,#N/A,#N/A,#N/A,#N/A,#N/A,Retail,2.4638374E7,#N/A,#N/A,false,#N/A,#N/A,#N/A,#N/A,false,#N/A,#N/A,#N/A,false,false,false,#N/A,false,false,false,false,#N/A,Never,false,true,#N/A,Contract Based,Same,No,#N/A,#N/A,#N/A,#N/A,#N/A,#N/A,false,#N/A,Skip
39ca738a-3930-4a69-a083-9baebe0bd47e,Gigaclub,Customer,57 Clifton Dr,Bacchus Marsh,VIC,3340,Australia,#N/A,#N/A,#N/A,57 Clifton Dr,Bacchus Marsh,VIC,3340,Australia,#N/A,#N/A,#N/A,(03) 6472 8807,#N/A,#N/A,Healthcare,4.93945873E8,#N/A,PK South is the leader in Healthcare in Bacchus Marsh,false,#N/A,#N/A,#N/A,#N/A,false,#N/A,#N/A,#N/A,false,false,false,#N/A,false,false,false,false,#N/A,Never,false,true,#N/A,Contract Based,Same,No,#N/A,#N/A,#N/A,#N/A,#N/A,#N/A,false,#N/A,Skip
b18f2036-f373-4189-a9f3-2227c8ef8b7c,Acme,Prospect,10 Main Rd.,Mead,NY,31349,USA,#N/A,#N/A,#N/A,10 Main Rd.,New York,NY,31349,USA,#N/A,#N/A,#N/A,(212) 555-5570,(212) 555-5555,www.acme.co,Corporate Office,1.0E8,680,"These are my notes, my only notes, my friend.",false,#N/A,#N/A,#N/A,#N/A,false,#N/A,#N/A,#N/A,false,false,false,#N/A,false,false,false,false,#N/A,#N/A,false,false,#N/A,#N/A,#N/A,#N/A,5.0,0.0,12-3456789,billing@acme.com,006fK000000w5dgQAA,#N/A,false,#N/A,Skip
af271580-40f5-4d49-b1ea-03b49850606f,Meejo,Customer,16 Hinterland Cr,Algester,QLD,4115,Australia,#N/A,#N/A,#N/A,16 Hinterland Cr,Algester,QLD,4115,Australia,#N/A,#N/A,#N/A,(07) 6586 8516,#N/A,#N/A,Machinery,2.90807169E8,#N/A,McMahon and Tate is the leader in Machinery in Algester,false,#N/A,#N/A,#N/A,#N/A,false,#N/A,#N/A,#N/A,false,false,false,#N/A,false,false,false,false,#N/A,Never,false,true,#N/A,Contract Based,Same,No,#N/A,#N/A,#N/A,#N/A,#N/A,#N/A,false,#N/A,Skip
1f0ebca3-5492-47f2-a61e-8a8f0bf1ee82,Meembee,Customer,1 Canada Square,Canary Wharf,London,E14 5AJ,United Kingdom,#N/A,#N/A,#N/A,#N/A,#N/A,#N/A,#N/A,#N/A,#N/A,#N/A,#N/A,#N/A,#N/A,#N/A,Healthcare,1.78663741E8,#N/A,St. Francis Hospital is the leader in Healthcare in Canary Wharf,false,#N/A,#N/A,#N/A,#N/A,false,#N/A,#N/A,#N/A,false,false,false,#N/A,false,false,false,false,#N/A,Never,false,true,#N/A,Contract Based,Same,No,#N/A,#N/A,#N/A,#N/A,#N/A,#N/A,false,#N/A,Skip
a3521d73-bf15-45e3-93de-13e9ca957c9c,Vimbo,Prospect,1234 Hilltop Road,Broomfield,Colorado,80020,USA,#N/A,#N/A,#N/A,#N/A,#N/A,#N/A,#N/A,#N/A,#N/A,#N/A,#N/A,#N/A,#N/A,#N/A,Healthcare,#N/A,#N/A,Rachel Adams is the leader in Healthcare in Broomfield,false,#N/A,#N/A,#N/A,#N/A,false,#N/A,#N/A,#N/A,false,false,false,#N/A,false,false,false,false,#N/A,Never,false,true,#N/A,Contract Based,Same,No,#N/A,#N/A,#N/A,#N/A,#N/A,#N/A,false,#N/A,Skip
aadc6403-a140-4857-85ef-5f949d4960c4,Regal Cinemas,Customer,#N/A,#N/A,#N/A,#N/A,#N/A,#N/A,#N/A,#N/A,#N/A,#N/A,#N/A,#N/A,#N/A,#N/A,#N/A,#N/A,#N/A,#N/A,#N/A,Entertainment,#N/A,#N/A,#N/A,false,#N/A,#N/A,#N/A,#N/A,false,#N/A,#N/A,#N/A,false,false,false,#N/A,false,false,false,false,#N/A,Never,false,true,#N/A,Contract Based,Same,No,549.0,0.0,12-3456789,accounting@regal.com,#N/A,#N/A,false,#N/A,Skip
008b1ced-108a-461f-ad47-c2951a7a99f8,Realfire,Customer,5959 Las Colinas Blvd,Irving,TX,75039-2298,United States,#N/A,#N/A,#N/A,#N/A,#N/A,#N/A,#N/A,#N/A,#N/A,#N/A,#N/A,1.972.444.1000,#N/A,#N/A,Automotive,2.68882E11,#N/A,"Custom Metal, LLC is the leader in Automotive in Irving",false,#N/A,#N/A,#N/A,#N/A,false,#N/A,#N/A,#N/A,false,false,false,#N/A,false,false,false,false,#N/A,Never,false,true,#N/A,Contract Based,Same,No,#N/A,#N/A,#N/A,#N/A,#N/A,#N/A,false,#N/A,Skip
b09060e7-20a3-4d9f-9123-ffb1a3dfd34a,Buzzshare,Customer,2941 Frview Pk Dr Ste 100,Falls Church,VA,22042,United States,#N/A,#N/A,#N/A,#N/A,#N/A,#N/A,#N/A,#N/A,#N/A,#N/A,#N/A,1.703.876.3000,#N/A,#N/A,Transportation,3.1469E10,#N/A,Keading Transportation Services is the leader in Transportation in Falls Church,false,#N/A,#N/A,#N/A,#N/A,false,#N/A,#N/A,#N/A,false,false,false,#N/A,false,false,false,false,#N/A,Never,false,true,#N/A,Contract Based,Same,No,#N/A,#N/A,#N/A,#N/A,#N/A,#N/A,false,#N/A,Skip
c9da821e-eb47-4e5f-ab4b-2d75ca27137b,Shufflester,Prospect,1000 Nicollet Mall,Minneapolis,MN,55403-2542,United States,#N/A,#N/A,#N/A,P.O. BOX 81226,#N/A,#N/A,#N/A,#N/A,#N/A,#N/A,#N/A,1.612.304.6073,#N/A,#N/A,Services,7.3785E10,#N/A,"Equality Consulting, LLC is the leader in Services in Minneapolis",false,#N/A,#N/A,#N/A,#N/A,false,#N/A,#N/A,#N/A,false,false,false,#N/A,false,false,false,false,#N/A,Never,false,true,#N/A,Contract Based,Same,No,#N/A,#N/A,#N/A,#N/A,#N/A,#N/A,false,#N/A,Skip
65c49a71-2fcd-438b-9c70-afeb68e149a2,Zoonoodle,Prospect,1 Nationwide Plz,Columbus,OH,43215-2226,United States,#N/A,#N/A,#N/A,P.O. BOX 182171,Columbus,OH,43218-2171,US,#N/A,#N/A,#N/A,1.614.249.7111,#N/A,#N/A,Media,1.5240896511E10,#N/A,Polimarc Inc. is the leader in Media in Columbus,false,#N/A,#N/A,#N/A,#N/A,false,#N/A,#N/A,#N/A,false,false,false,#N/A,false,false,false,false,#N/A,Never,false,true,#N/A,Contract Based,Same,No,#N/A,#N/A,#N/A,#N/A,#N/A,#N/A,false,#N/A,Skip
ec1db4a3-33fa-446f-a7aa-4dfca9d8017d,Skaboo,Customer,70173,Baden-Württemberg,Stuttgart,#N/A,Germany,#N/A,#N/A,#N/A,#N/A,#N/A,#N/A,#N/A,#N/A,#N/A,#N/A,#N/A,#N/A,#N/A,#N/A,Healthcare,2.55815146E8,#N/A,St Francis West Side is the leader in Healthcare in Baden-Württemberg,false,#N/A,#N/A,#N/A,#N/A,false,#N/A,#N/A,#N/A,false,false,false,#N/A,false,false,false,false,#N/A,Never,false,true,#N/A,Contract Based,Same,No,#N/A,#N/A,#N/A,#N/A,#N/A,#N/A,false,#N/A,Skip
b31cc650-8ca5-4641-86fc-37d3bfcaac76,Jetpulse,Customer,270 Park Ave,New York,NY,10017-2014,United States,#N/A,#N/A,#N/A,#N/A,#N/A,#N/A,#N/A,#N/A,#N/A,#N/A,#N/A,1.212.270.6000,#N/A,#N/A,Non Profit,1.01006E11,#N/A,Human Rights Defense Fund is the leader in Non Profit in New York,false,#N/A,#N/A,#N/A,#N/A,false,#N/A,#N/A,#N/A,false,false,false,#N/A,false,false,false,false,#N/A,Never,false,true,#N/A,Contract Based,Same,No,#N/A,#N/A,#N/A,#N/A,#N/A,#N/A,false,#N/A,Skip
ce2e4d87-b32b-42bf-8b4e-54bb6ec0c9b0,Pizza Hut,Prospect,#N/A,#N/A,#N/A,#N/A,#N/A,#N/A,#N/A,#N/A,#N/A,#N/A,#N/A,#N/A,#N/A,#N/A,#N/A,#N/A,#N/A,#N/A,#N/A,Restaurant,#N/A,#N/A,#N/A,false,#N/A,#N/A,#N/A,#N/A,false,#N/A,#N/A,#N/A,false,false,false,#N/A,false,false,false,false,#N/A,Never,false,true,#N/A,Contract Based,Same,No,703.0,18000.0,12-3456789,ap@pizzahut.com,#N/A,#N/A,false,#N/A,Skip
269f82ea-422b-48a2-bc48-586d44eca005,Yakidoo,Customer,75010,Paris,#N/A,#N/A,France,#N/A,#N/A,#N/A,#N/A,#N/A,#N/A,#N/A,#N/A,#N/A,#N/A,#N/A,#N/A,#N/A,#N/A,Healthcare,4.528576E8,#N/A,Trevor Ferrin Hospital is the leader in Healthcare,false,#N/A,#N/A,#N/A,#N/A,false,#N/A,#N/A,#N/A,false,false,false,#N/A,false,false,false,false,#N/A,Never,false,true,#N/A,Contract Based,Same,No,#N/A,#N/A,#N/A,#N/A,#N/A,#N/A,false,#N/A,Skip
e555c464-726d-429a-b793-02b41a502538,Livefish,Customer,Shell Centre,London,#N/A,SE1 7NA,United Kingdom,#N/A,#N/A,#N/A,#N/A,#N/A,#N/A,#N/A,#N/A,#N/A,#N/A,#N/A,#N/A,#N/A,#N/A,Electronics,1.58331476E8,#N/A,Videlectrix is the leader in Electronics,false,#N/A,#N/A,#N/A,#N/A,false,#N/A,#N/A,#N/A,false,false,false,#N/A,false,false,false,false,#N/A,Never,false,true,#N/A,Contract Based,Same,No,#N/A,#N/A,#N/A,#N/A,#N/A,#N/A,false,#N/A,Skip
4a0f32f7-4233-45a1-94bd-75faf566aa17,Ooba,Customer,50 Kerra Way,Docklands,VIC,3008,Australia,#N/A,#N/A,#N/A,50 Kerra Way,Docklands,VIC,3008,Australia,#N/A,#N/A,#N/A,(03) 6257 7887,#N/A,#N/A,Media,4.33338781E8,#N/A,Gizmonic Institute is the leader in Media in Docklands,false,#N/A,#N/A,#N/A,#N/A,false,#N/A,#N/A,#N/A,false,false,false,#N/A,false,false,false,false,#N/A,Never,false,true,#N/A,Contract Based,Same,No,#N/A,#N/A,#N/A,#N/A,#N/A,#N/A,false,#N/A,Skip
cb72bdda-b101-4835-9161-3bf06bf82742,Photofeed,Prospect,702 SW 8th St,Bentonville,AR,72716-6299,United States,#N/A,#N/A,#N/A,#N/A,#N/A,#N/A,#N/A,#N/A,#N/A,#N/A,#N/A,1.479.273.4000,#N/A,#N/A,Financial Services,4.8213E11,#N/A,Upward Financial Services is the leader in Financial Services in Bentonville,false,#N/A,#N/A,#N/A,#N/A,false,#N/A,#N/A,#N/A,false,false,false,#N/A,false,false,false,false,#N/A,Never,false,true,#N/A,Contract Based,Same,No,#N/A,#N/A,#N/A,#N/A,#N/A,#N/A,false,#N/A,Skip
bae55ba3-ea80-48c6-b152-4ea7f82bfd53,Realcube,Customer,"Via Nizza, 250",Turin,Turin,#N/A,Italy,#N/A,#N/A,#N/A,#N/A,#N/A,#N/A,#N/A,#N/A,#N/A,#N/A,#N/A,#N/A,#N/A,#N/A,Healthcare,7.20606185E8,#N/A,TF North is the leader in Healthcare in Turin,false,#N/A,#N/A,#N/A,#N/A,false,#N/A,#N/A,#N/A,false,false,false,#N/A,false,false,false,false,#N/A,Never,false,true,#N/A,Contract Based,Same,No,#N/A,#N/A,#N/A,#N/A,#N/A,#N/A,false,#N/A,Skip
83dc89fc-8868-49a6-8638-db4d191b4c50,Talane,Customer,75 Avenue de la Grande Armée,Paris,#N/A,#N/A,France,#N/A,#N/A,#N/A,#N/A,#N/A,#N/A,#N/A,#N/A,#N/A,#N/A,#N/A,#N/A,#N/A,#N/A,Shipping,7.40417719E8,#N/A,Universal Export is the leader in Shipping,false,#N/A,#N/A,#N/A,#N/A,false,#N/A,#N/A,#N/A,false,false,false,#N/A,false,false,false,false,#N/A,Never,false,true,#N/A,Contract Based,Same,No,#N/A,#N/A,#N/A,#N/A,#N/A,#N/A,false,#N/A,Skip
ac9c4e8e-74d2-479d-a6d3-c094f85ec0e1,Flashset,Prospect,4 Weeping Birch Crossing,Carson City,NV,89714,United States,#N/A,#N/A,#N/A,#N/A,#N/A,#N/A,#N/A,#N/A,#N/A,#N/A,#N/A,#N/A,#N/A,#N/A,Consulting,9488745.0,#N/A,#N/A,false,#N/A,#N/A,#N/A,#N/A,false,#N/A,#N/A,#N/A,false,false,false,#N/A,false,false,false,false,#N/A,Never,false,true,#N/A,Contract Based,Same,No,#N/A,#N/A,#N/A,#N/A,#N/A,#N/A,false,#N/A,Skip
3f1019f9-8981-40f5-a60f-3c5c43ec63da,Browsedrive,Customer,1-7-1 Konan Minato-ku,Tokyo,#N/A,#N/A,Japan,#N/A,#N/A,#N/A,4 Riverside Rd,#N/A,#N/A,#N/A,#N/A,#N/A,#N/A,#N/A,#N/A,#N/A,#N/A,Telecommunications,7.76395463E8,#N/A,Wernham Hogg is the leader in Telecommunications,false,#N/A,#N/A,#N/A,#N/A,false,#N/A,#N/A,#N/A,false,false,false,#N/A,false,false,false,false,#N/A,Never,false,true,#N/A,Contract Based,Same,No,#N/A,#N/A,#N/A,#N/A,#N/A,#N/A,false,#N/A,Skip
d84cf719-3d82-4333-bb63-36f4d8df2577,TEXTIDTEST,#N/A,#N/A,#N/A,#N/A,#N/A,#N/A,#N/A,#N/A,#N/A,#N/A,#N/A,#N/A,#N/A,#N/A,#N/A,#N/A,#N/A,#N/A,#N/A,#N/A,#N/A,#N/A,#N/A,#N/A,false,#N/A,#N/A,#N/A,#N/A,false,#N/A,#N/A,#N/A,false,false,false,#N/A,false,false,false,false,#N/A,Never,false,true,#N/A,Contract Based,Same,No,#N/A,#N/A,#N/A,#N/A,01tfK000001Uhi5QAC,#N/A,false,#N/A,Skip
551d24c8-f10f-47a2-9f23-ea48b275ff48,Shuffletag,Customer,1 Post St FL 18,San Francisco,CA,94104-5284,United States,#N/A,#N/A,#N/A,3003 E 3rd Ave #201,#N/A,#N/A,#N/A,#N/A,#N/A,#N/A,#N/A,1.415.983.8300,#N/A,#N/A,Non Profit,1.90884E11,#N/A,Save the Wild is the leader in Non Profit in San Francisco,false,#N/A,#N/A,#N/A,#N/A,false,#N/A,#N/A,#N/A,false,false,false,#N/A,false,false,false,false,#N/A,Never,false,true,#N/A,Contract Based,Same,No,#N/A,#N/A,#N/A,#N/A,#N/A,#N/A,false,#N/A,Skip
3c66b37b-b0b5-47a9-bf58-0c9686d72d93,Thoughtmix,Customer,1 Coca Cola Plz NW,Atlanta,GA,30313-2499,United States,#N/A,#N/A,#N/A,P.O. BOX 1734,Atlanta,GA,30301-1734,US,#N/A,#N/A,#N/A,1.404.676.2121,#N/A,#N/A,Energy,4.4294E10,#N/A,Transworld Consortium is the leader in Energy in Atlanta,false,#N/A,#N/A,#N/A,#N/A,false,#N/A,#N/A,#N/A,false,false,false,#N/A,false,false,false,false,#N/A,Never,false,true,#N/A,Contract Based,Same,No,#N/A,#N/A,#N/A,#N/A,#N/A,#N/A,false,#N/A,Skip
28c28a00-3557-4a93-9f9d-453929518adf,Blogspan,Prospect,574 Duke Circle,Sioux City,OH,51105,United States,#N/A,#N/A,#N/A,#N/A,#N/A,#N/A,#N/A,#N/A,#N/A,#N/A,#N/A,#N/A,#N/A,#N/A,Financial Services,3308479.0,#N/A,#N/A,false,#N/A,#N/A,#N/A,#N/A,false,#N/A,#N/A,#N/A,false,false,false,#N/A,false,false,false,false,#N/A,Never,false,true,#N/A,Contract Based,Same,No,#N/A,#N/A,#N/A,#N/A,#N/A,#N/A,false,#N/A,Skip
df29e9b2-8e18-42f6-87ae-96ff28699745,Skimia,Prospect,51 Madison Ave Bsmt 1b,New York,NY,10010-1655,United States,#N/A,#N/A,#N/A,#N/A,#N/A,#N/A,#N/A,#N/A,#N/A,#N/A,#N/A,1.212.576.7000,#N/A,#N/A,Healthcare,1.4139579037E10,#N/A,Athena Theraputics is the leader in Healthcare in New York,false,#N/A,#N/A,#N/A,#N/A,false,#N/A,#N/A,#N/A,false,false,false,#N/A,false,false,false,false,#N/A,Never,false,true,#N/A,Contract Based,Same,No,#N/A,#N/A,#N/A,#N/A,#N/A,#N/A,false,#N/A,Skip
b8676e86-873e-41ee-b619-01b3a56c8f33,JumpXS,Prospect,200 Vesey St,New York,NY,10285-0002,United States,#N/A,#N/A,#N/A,#N/A,#N/A,#N/A,#N/A,#N/A,#N/A,#N/A,#N/A,1.212.640.2000,#N/A,#N/A,Consumer Goods,3.4441E10,#N/A,Walken Group is the leader in Consumer Goods in New York,false,#N/A,#N/A,#N/A,#N/A,false,#N/A,#N/A,#N/A,false,false,false,#N/A,false,false,false,false,#N/A,Never,false,true,#N/A,Contract Based,Same,No,#N/A,#N/A,#N/A,#N/A,#N/A,#N/A,false,#N/A,Skip
