Guid,Name,ProductCode,Description,IsActive,Family,IsSerialized,ExternalId,DisplayUrl,QuantityUnitOfMeasure,IsArchived,StockKeepingUnit,Type,ProductClass,SBQQ__AssetAmendmentBehavior__c,SBQQ__AssetConversion__c,SBQQ__BatchQuantity__c,SBQQ__BillingFrequency__c,SBQQ__BillingType__c,SBQQ__BlockPricingField__c,SBQQ__ChargeType__c,SBQQ__Component__c,SBQQ__CompoundDiscountRate__c,SBQQ__ConfigurationEvent__c,SBQQ__ConfigurationFieldSet__c,SBQQ__ConfigurationFields__c,SBQQ__ConfigurationFormTitle__c,SBQQ__ConfigurationType__c,SBQQ__ConfigurationValidator__c,SBQQ__ConfiguredCodePattern__c,SBQQ__ConfiguredDescriptionPattern__c,SBQQ__CostEditable__c,SBQQ__CustomConfigurationPage__c,SBQQ__CustomConfigurationRequired__c,SBQQ__CustomerCommunityAvailability__c,SBQQ__DefaultPricingTable__c,SBQQ__DefaultQuantity__c,SBQQ__DescriptionLocked__c,SBQQ__DynamicPricingConstraint__c,SBQQ__EnableLargeConfiguration__c,SBQQ__ExcludeFromMaintenance__c,SBQQ__ExcludeFromOpportunity__c,SBQQ__ExternallyConfigurable__c,SBQQ__GenerateContractedPrice__c,SBQQ__HasConfigurationAttributes__c,SBQQ__HasConsumptionSchedule__c,SBQQ__Hidden__c,SBQQ__HidePriceInSearchResults__c,SBQQ__IncludeInMaintenance__c,SBQQ__NewQuoteGroup__c,SBQQ__NonDiscountable__c,SBQQ__NonPartnerDiscountable__c,SBQQ__OptionLayout__c,SBQQ__OptionSelectionMethod__c,SBQQ__Optional__c,SBQQ__PriceEditable__c,SBQQ__PricingMethodEditable__c,SBQQ__PricingMethod__c,SBQQ__ProductPictureID__c,SBQQ__QuantityEditable__c,SBQQ__QuantityScale__c,SBQQ__ReconfigurationDisabled__c,SBQQ__SortOrder__c,SBQQ__Specifications__c,SBQQ__SubscriptionBase__c,SBQQ__SubscriptionCategory__c,SBQQ__SubscriptionPercent__c,SBQQ__SubscriptionPricing__c,SBQQ__SubscriptionTerm__c,SBQQ__SubscriptionType__c,SBQQ__TaxCode__c,SBQQ__Taxable__c,SBQQ__TermDiscountLevel__c,SBQQ__UpgradeRatio__c
8a0110bd-4a24-4726-9c1e-e4dff181dbaf,Secure Security Manager,SM4,Secure Security Manager,true,Security Management,false,#N/A,#N/A,#N/A,false,#N/A,#N/A,Simple,Default,One per quote line,#N/A,#N/A,#N/A,Quantity,#N/A,false,#N/A,#N/A,#N/A,#N/A,#N/A,#N/A,#N/A,#N/A,#N/A,false,#N/A,false,#N/A,#N/A,10.0,false,#N/A,false,false,false,false,#N/A,false,false,false,false,false,false,false,false,#N/A,Click,false,false,false,List,015fK000000pU1n,true,#N/A,false,#N/A,#N/A,List,#N/A,#N/A,#N/A,#N/A,Renewable,#N/A,false,#N/A,#N/A
036bfc59-32cb-44d9-a8f9-1be6794bb70f,Best Sellers Varieties Curated Collection,COF-OT-1,8 24-count Boxes of our best selling blends.- One time,false,BEV,false,#N/A,#N/A,#N/A,false,#N/A,#N/A,Simple,Default,One per quote line,#N/A,#N/A,#N/A,Quantity,#N/A,false,#N/A,#N/A,#N/A,#N/A,#N/A,#N/A,#N/A,#N/A,#N/A,false,#N/A,false,#N/A,#N/A,1.0,false,#N/A,false,false,false,false,#N/A,false,false,false,false,false,false,false,false,#N/A,Click,false,false,false,List,#N/A,true,#N/A,false,#N/A,#N/A,List,#N/A,#N/A,#N/A,#N/A,One-time,#N/A,false,#N/A,#N/A
c1ea329e-8a80-4ad4-9d96-678af1ff573d,Enterprise Plus Cloud Storage,CS5,Enterprise Plus Cloud Storage,true,Cloud Storage,false,#N/A,#N/A,#N/A,false,#N/A,#N/A,Simple,#N/A,#N/A,#N/A,#N/A,#N/A,#N/A,#N/A,false,#N/A,#N/A,#N/A,#N/A,#N/A,#N/A,#N/A,#N/A,#N/A,false,#N/A,false,#N/A,#N/A,1.0,false,#N/A,false,false,false,false,#N/A,false,false,false,false,false,false,false,false,#N/A,#N/A,false,false,false,#N/A,015fK000000pU1i,true,#N/A,false,#N/A,#N/A,#N/A,#N/A,#N/A,#N/A,#N/A,#N/A,#N/A,false,#N/A,#N/A
76e759dd-f810-4c16-87ce-91fdfd39f60b,Deploy Dew Syrup,POP-R-3,7 Gallon Bag in Box Syrup- Recurring,false,BEV,false,#N/A,#N/A,#N/A,false,#N/A,#N/A,Simple,Default,One per quote line,#N/A,#N/A,#N/A,Quantity,#N/A,false,#N/A,#N/A,#N/A,#N/A,#N/A,#N/A,#N/A,#N/A,#N/A,false,#N/A,false,#N/A,#N/A,1.0,false,#N/A,false,false,false,false,#N/A,false,false,false,false,false,false,false,false,#N/A,Click,false,false,false,List,#N/A,true,#N/A,false,#N/A,#N/A,List,#N/A,#N/A,Fixed Price,1.0,Renewable,#N/A,false,#N/A,#N/A
b7a02454-3d8b-4a95-b81f-203115129600,4/10,#N/A,#N/A,false,#N/A,false,#N/A,#N/A,#N/A,false,#N/A,#N/A,Simple,Default,One per quote line,#N/A,#N/A,#N/A,Quantity,#N/A,false,#N/A,#N/A,#N/A,#N/A,#N/A,#N/A,#N/A,#N/A,#N/A,false,#N/A,false,#N/A,#N/A,1.0,false,#N/A,false,false,false,false,#N/A,false,false,false,false,false,false,false,false,#N/A,Click,false,false,false,List,#N/A,true,#N/A,false,#N/A,#N/A,List,#N/A,#N/A,#N/A,#N/A,Renewable,#N/A,false,#N/A,#N/A
4f5e247d-f791-44f8-9d48-c1d003d3f945,Go-Live Grape Syrup,POP-R-5,9 Gallon Bag in Box Syrup- Recurring,false,BEV,false,#N/A,#N/A,#N/A,false,#N/A,#N/A,Simple,Default,One per quote line,#N/A,#N/A,#N/A,Quantity,#N/A,false,#N/A,#N/A,#N/A,#N/A,#N/A,#N/A,#N/A,#N/A,#N/A,false,#N/A,false,#N/A,#N/A,1.0,false,#N/A,false,false,false,false,#N/A,false,false,false,false,false,false,false,false,#N/A,Click,false,false,false,List,#N/A,true,#N/A,false,#N/A,#N/A,List,#N/A,#N/A,Fixed Price,1.0,Renewable,#N/A,false,#N/A,#N/A
7803fb01-3076-46e5-ae8f-0e3f0c28110f,Release Root Beer Syrup,POP-OT-7,11 Gallon Bag in Box Syrup- One time,false,BEV,false,#N/A,#N/A,#N/A,false,#N/A,#N/A,Simple,Default,One per quote line,#N/A,#N/A,#N/A,Quantity,#N/A,false,#N/A,#N/A,#N/A,#N/A,#N/A,#N/A,#N/A,#N/A,#N/A,false,#N/A,false,#N/A,#N/A,1.0,false,#N/A,false,false,false,false,#N/A,false,false,false,false,false,false,false,false,#N/A,Click,false,false,false,List,#N/A,true,#N/A,false,#N/A,#N/A,List,#N/A,#N/A,#N/A,#N/A,One-time,#N/A,false,#N/A,#N/A
dba70368-dc6f-485b-8df9-316e5a5451b1,Platinum Consulting Plan,PS3,Platinum Consulting Plan,true,Professional Services,false,#N/A,#N/A,#N/A,false,#N/A,#N/A,Simple,Default,One per quote line,#N/A,#N/A,#N/A,Quantity,#N/A,false,#N/A,#N/A,#N/A,#N/A,#N/A,#N/A,#N/A,#N/A,#N/A,false,#N/A,false,#N/A,#N/A,1.0,false,#N/A,false,false,false,false,#N/A,false,false,false,false,false,false,false,false,#N/A,Click,false,false,false,List,015fK000000pU1b,true,#N/A,false,#N/A,#N/A,List,#N/A,#N/A,#N/A,#N/A,Renewable,#N/A,false,#N/A,#N/A
221bcbf5-dc27-4348-ad96-bf6c8fc51fbc,Org-to-Org Orange Syrup,POP-R-6,10 Gallon Bag in Box Syrup- Recurring,false,BEV,false,#N/A,#N/A,#N/A,false,#N/A,#N/A,Simple,Default,One per quote line,#N/A,#N/A,#N/A,Quantity,#N/A,false,#N/A,#N/A,#N/A,#N/A,#N/A,#N/A,#N/A,#N/A,#N/A,false,#N/A,false,#N/A,#N/A,1.0,false,#N/A,false,false,false,false,#N/A,false,false,false,false,false,false,false,false,#N/A,Click,false,false,false,List,#N/A,true,#N/A,false,#N/A,#N/A,List,#N/A,#N/A,Fixed Price,1.0,Renewable,#N/A,false,#N/A,#N/A
335743bd-1b39-4d9c-8587-d79904a55021,Low-Code Lemon-Lime Syrup,POP-R-4,8 Gallon Bag in Box Syrup- Recurring,false,BEV,false,#N/A,#N/A,#N/A,false,#N/A,#N/A,Simple,Default,One per quote line,#N/A,#N/A,#N/A,Quantity,#N/A,false,#N/A,#N/A,#N/A,#N/A,#N/A,#N/A,#N/A,#N/A,#N/A,false,#N/A,false,#N/A,#N/A,1.0,false,#N/A,false,false,false,false,#N/A,false,false,false,false,false,false,false,false,#N/A,Click,false,false,false,List,#N/A,true,#N/A,false,#N/A,#N/A,List,#N/A,#N/A,Fixed Price,1.0,Renewable,#N/A,false,#N/A,#N/A
515e6b38-8b5b-4750-92da-5d26f7717d73,Org-to-Org Orange Syrup,POP-OT-6,10 Gallon Bag in Box Syrup- One time,false,BEV,false,#N/A,#N/A,#N/A,false,#N/A,#N/A,Simple,Default,One per quote line,#N/A,#N/A,#N/A,Quantity,#N/A,false,#N/A,#N/A,#N/A,#N/A,#N/A,#N/A,#N/A,#N/A,#N/A,false,#N/A,false,#N/A,#N/A,1.0,false,#N/A,false,false,false,false,#N/A,false,false,false,false,false,false,false,false,#N/A,Click,false,false,false,List,#N/A,true,#N/A,false,#N/A,#N/A,List,#N/A,#N/A,#N/A,#N/A,One-time,#N/A,false,#N/A,#N/A
75cd8807-f3dd-493e-b819-2434752bec07,6-25 User Training,T1,6-25 User Training,true,Training,false,#N/A,#N/A,#N/A,false,#N/A,#N/A,Simple,Default,One per quote line,#N/A,#N/A,#N/A,Quantity,#N/A,false,#N/A,#N/A,#N/A,#N/A,#N/A,#N/A,#N/A,#N/A,#N/A,false,#N/A,false,#N/A,#N/A,1.0,false,#N/A,false,false,false,false,#N/A,false,false,false,false,false,false,false,false,#N/A,Click,false,false,false,List,015fK000000pU1e,true,#N/A,false,#N/A,#N/A,List,#N/A,#N/A,#N/A,#N/A,Renewable,#N/A,false,#N/A,#N/A
33bbde17-05a1-4940-9beb-7601da890fed,Version Control Cappuccino,COF-R-7,1 24-count Box of K-Cups Pods- Recurring,false,BEV,false,#N/A,#N/A,#N/A,false,#N/A,#N/A,Simple,Default,One per quote line,#N/A,#N/A,#N/A,Quantity,#N/A,false,#N/A,#N/A,#N/A,#N/A,#N/A,#N/A,#N/A,#N/A,#N/A,false,#N/A,false,#N/A,#N/A,1.0,false,#N/A,false,false,false,false,#N/A,false,false,false,false,false,false,false,false,#N/A,Click,false,false,false,List,#N/A,true,#N/A,false,#N/A,#N/A,List,#N/A,#N/A,Fixed Price,1.0,Renewable,#N/A,false,#N/A,#N/A
567af5b9-9795-48bf-aa0e-0d97017a9981,Pumpkin Sandbox Latte,COF-R-3,1 24-count Box of K-Cups Pods- Recurring,false,BEV,false,#N/A,#N/A,#N/A,false,#N/A,#N/A,Simple,Default,One per quote line,#N/A,#N/A,#N/A,Quantity,#N/A,false,#N/A,#N/A,#N/A,#N/A,#N/A,#N/A,#N/A,#N/A,#N/A,false,#N/A,false,#N/A,#N/A,1.0,false,#N/A,false,false,false,false,#N/A,false,false,false,false,false,false,false,false,#N/A,Click,false,false,false,List,#N/A,true,#N/A,false,#N/A,#N/A,List,#N/A,#N/A,Fixed Price,1.0,Renewable,#N/A,false,#N/A,#N/A
9fde478f-5828-4cd9-a7e1-b6cb67c8fc85,Best Sellers Varieties Curated Collection,COF-R-1,8 24-count Boxes of our best selling blends.- Recurring,false,BEV,false,#N/A,#N/A,#N/A,false,#N/A,#N/A,Simple,Default,One per quote line,#N/A,#N/A,#N/A,Quantity,#N/A,false,#N/A,#N/A,#N/A,#N/A,#N/A,#N/A,#N/A,#N/A,#N/A,false,#N/A,false,#N/A,#N/A,1.0,false,#N/A,false,false,false,false,#N/A,false,false,false,false,false,false,false,false,#N/A,Click,false,false,false,List,#N/A,true,#N/A,false,#N/A,#N/A,List,#N/A,#N/A,Fixed Price,1.0,Renewable,#N/A,false,#N/A,#N/A
bfcced44-2abb-4ecd-995d-b8929d2f345e,Version Control Cappuccino,COF-OT-7,1 24-count Box of K-Cups Pods- One time,false,BEV,false,#N/A,#N/A,#N/A,false,#N/A,#N/A,Simple,Default,One per quote line,#N/A,#N/A,#N/A,Quantity,#N/A,false,#N/A,#N/A,#N/A,#N/A,#N/A,#N/A,#N/A,#N/A,#N/A,false,#N/A,false,#N/A,#N/A,1.0,false,#N/A,false,false,false,false,#N/A,false,false,false,false,false,false,false,false,#N/A,Click,false,false,false,List,#N/A,true,#N/A,false,#N/A,#N/A,List,#N/A,#N/A,#N/A,#N/A,Renewable,#N/A,false,#N/A,#N/A
05b97d7c-f4e8-4319-90dd-c8ac74348182,T&E Suite Admin License,TE14,Subscription for one (1) Time and Expense Administrator.,true,Licensing,false,#N/A,#N/A,#N/A,false,#N/A,#N/A,Simple,Default,One per quote line,#N/A,#N/A,#N/A,Quantity,#N/A,false,#N/A,#N/A,#N/A,#N/A,#N/A,#N/A,#N/A,#N/A,#N/A,false,#N/A,false,#N/A,#N/A,1.0,false,#N/A,false,false,false,false,#N/A,false,false,false,false,false,false,false,false,#N/A,Click,false,false,false,List,015fK000000pU1g,true,#N/A,false,#N/A,#N/A,List,#N/A,#N/A,#N/A,#N/A,Renewable,#N/A,false,#N/A,#N/A
5b450060-dc41-4bfe-ac45-ebeb6717429a,1-5 User Training,T0,1-5 User Training,true,Training,false,#N/A,#N/A,#N/A,false,#N/A,#N/A,Simple,Default,One per quote line,#N/A,#N/A,#N/A,Quantity,#N/A,false,#N/A,#N/A,#N/A,#N/A,#N/A,#N/A,#N/A,#N/A,#N/A,false,#N/A,false,#N/A,#N/A,4.0,false,#N/A,false,false,true,false,#N/A,false,false,false,false,false,false,false,false,#N/A,Click,false,false,false,List,015fK000000pU1e,true,#N/A,false,#N/A,<p>Specifications Added</p>,List,#N/A,#N/A,#N/A,#N/A,Renewable,#N/A,false,#N/A,#N/A
7b2997d9-13b9-48b8-b639-5abb1b21e863,Low-Code Lemon-Lime Syrup,POP-OT-4,8 Gallon Bag in Box Syrup- One time,false,BEV,false,#N/A,#N/A,#N/A,false,#N/A,#N/A,Simple,Default,One per quote line,#N/A,#N/A,#N/A,Quantity,#N/A,false,#N/A,#N/A,#N/A,#N/A,#N/A,#N/A,#N/A,#N/A,#N/A,false,#N/A,false,#N/A,#N/A,1.0,false,#N/A,false,false,false,false,#N/A,false,false,false,false,false,false,false,false,#N/A,Click,false,false,false,List,#N/A,true,#N/A,false,#N/A,#N/A,List,#N/A,#N/A,#N/A,#N/A,One-time,#N/A,false,#N/A,#N/A
2ada9ac7-ef68-4bc7-84a8-d89a27521ad2,Customized Implementation,IS3,Customized Implementation,true,Implementation Services,false,#N/A,#N/A,#N/A,false,#N/A,#N/A,Simple,Default,One per quote line,#N/A,#N/A,#N/A,Quantity,#N/A,false,#N/A,#N/A,#N/A,#N/A,#N/A,#N/A,#N/A,#N/A,#N/A,false,#N/A,false,#N/A,#N/A,1.0,false,#N/A,false,false,false,false,#N/A,false,false,false,false,false,false,false,false,#N/A,Click,false,false,false,List,015fK000000pU1c,true,#N/A,false,#N/A,#N/A,List,#N/A,#N/A,#N/A,#N/A,Renewable,#N/A,false,#N/A,#N/A
d9e45101-5943-46ab-a77b-ce6389331328,Dr. Prod Syrup,POP-R-2,6 Gallon Bag in Box Syrup- Recurring,false,BEV,false,#N/A,#N/A,#N/A,false,#N/A,#N/A,Simple,Default,One per quote line,#N/A,#N/A,#N/A,Quantity,#N/A,false,#N/A,#N/A,#N/A,#N/A,#N/A,#N/A,#N/A,#N/A,#N/A,false,#N/A,false,#N/A,#N/A,1.0,false,#N/A,false,false,false,false,#N/A,false,false,false,false,false,false,false,false,#N/A,Click,false,false,false,List,#N/A,true,#N/A,false,#N/A,#N/A,List,#N/A,#N/A,Fixed Price,1.0,Renewable,#N/A,false,#N/A,#N/A
0ce1d3c3-b0a5-4fca-b2bf-15f5a2c25005,Declarative Decaf,COF-R-2,1 24-count Box of K-Cups Pods- Recurring,false,BEV,false,#N/A,#N/A,#N/A,false,#N/A,#N/A,Simple,Default,One per quote line,#N/A,#N/A,#N/A,Quantity,#N/A,false,#N/A,#N/A,#N/A,#N/A,#N/A,#N/A,#N/A,#N/A,#N/A,false,#N/A,false,#N/A,#N/A,1.0,false,#N/A,false,false,false,false,#N/A,false,false,false,false,false,false,false,false,#N/A,Click,false,false,false,List,#N/A,true,#N/A,false,#N/A,#N/A,List,#N/A,#N/A,Fixed Price,1.0,Renewable,#N/A,false,#N/A,#N/A
83f00c24-049f-48f8-86ac-efe352e29417,Enterprise Security Firewall,N3,Enterprise Security Firewall,true,Network,false,#N/A,#N/A,#N/A,false,#N/A,#N/A,Simple,#N/A,#N/A,#N/A,#N/A,#N/A,#N/A,#N/A,false,#N/A,#N/A,#N/A,#N/A,#N/A,#N/A,#N/A,#N/A,#N/A,false,#N/A,false,#N/A,#N/A,100.0,false,#N/A,false,false,false,false,#N/A,false,false,false,false,false,false,false,false,#N/A,#N/A,false,false,false,#N/A,015fK000000pU1h,true,#N/A,false,#N/A,#N/A,#N/A,#N/A,#N/A,#N/A,#N/A,#N/A,#N/A,false,#N/A,#N/A
e5789727-5b97-4fc5-9212-6d256e572cac,Security Certification Training: Bastion,SC3,Security Certification Training: Bastion,true,Training,false,#N/A,#N/A,#N/A,false,#N/A,#N/A,Simple,Default,One per quote line,#N/A,#N/A,#N/A,Quantity,#N/A,false,#N/A,#N/A,#N/A,#N/A,#N/A,#N/A,#N/A,#N/A,#N/A,false,#N/A,false,#N/A,#N/A,5.0,false,#N/A,false,false,false,false,#N/A,false,false,false,false,false,false,false,false,#N/A,Click,false,false,false,List,015fK000000pU1j,true,#N/A,false,#N/A,#N/A,List,#N/A,#N/A,#N/A,#N/A,Renewable,#N/A,false,#N/A,#N/A
9f102b92-70d6-40c5-8981-c2d2c8f7c499,Personal Cloud Stoarge,CS1,Personal Cloud Stoarge,true,Cloud Storage,false,#N/A,#N/A,#N/A,false,#N/A,#N/A,Simple,Default,One per quote line,#N/A,#N/A,#N/A,Quantity,#N/A,false,#N/A,#N/A,#N/A,#N/A,#N/A,#N/A,#N/A,#N/A,#N/A,false,#N/A,false,#N/A,#N/A,1.0,false,#N/A,false,false,false,false,#N/A,false,false,false,false,false,false,false,false,#N/A,Click,false,false,false,List,015fK000000pU1i,true,#N/A,false,#N/A,#N/A,List,#N/A,#N/A,#N/A,#N/A,Renewable,#N/A,false,#N/A,#N/A
ee993094-5486-4cb5-8eb1-1a748640bc10,Data Center Security Firewall,N4,Data Center Security Firewall,true,Network,false,#N/A,#N/A,#N/A,false,#N/A,#N/A,Simple,#N/A,#N/A,#N/A,#N/A,#N/A,#N/A,#N/A,false,#N/A,#N/A,#N/A,#N/A,#N/A,#N/A,#N/A,#N/A,#N/A,false,#N/A,false,#N/A,#N/A,100.0,false,#N/A,false,false,false,false,#N/A,false,false,false,false,false,false,false,false,#N/A,#N/A,false,false,false,#N/A,015fK000000pU1h,true,#N/A,false,#N/A,#N/A,#N/A,#N/A,#N/A,#N/A,#N/A,#N/A,#N/A,false,#N/A,#N/A
883fd0d0-1e4f-4944-a1ff-a745e289755a,Deployment Dark Roast,COF-OT-4,1 24-count Box of K-Cups Pods- One time,false,BEV,false,#N/A,#N/A,#N/A,false,#N/A,#N/A,Simple,Default,One per quote line,#N/A,#N/A,#N/A,Quantity,#N/A,false,#N/A,#N/A,#N/A,#N/A,#N/A,#N/A,#N/A,#N/A,#N/A,false,#N/A,false,#N/A,#N/A,1.0,false,#N/A,false,false,false,false,#N/A,false,false,false,false,false,false,false,false,#N/A,Click,false,false,false,List,#N/A,true,#N/A,false,#N/A,#N/A,List,#N/A,#N/A,#N/A,#N/A,One-time,#N/A,false,#N/A,#N/A
3ec1c8b0-3a0f-450d-9df0-8a849fe2ea81,Business Password Vault,PV2,Business Password Vault,true,Password Vault,false,#N/A,#N/A,#N/A,false,#N/A,#N/A,Simple,#N/A,#N/A,#N/A,#N/A,#N/A,#N/A,#N/A,false,#N/A,#N/A,#N/A,#N/A,#N/A,#N/A,#N/A,#N/A,#N/A,false,#N/A,false,#N/A,#N/A,50.0,false,#N/A,false,false,false,false,#N/A,false,false,false,false,false,false,false,false,#N/A,#N/A,false,false,false,#N/A,015fK000000pU1o,true,#N/A,false,#N/A,#N/A,#N/A,#N/A,#N/A,#N/A,#N/A,#N/A,#N/A,false,#N/A,#N/A
77f059fb-c308-48e4-bfe8-d7dbd7377046,Secure Endpoint Compliance Manager,SM3,Secure Endpoint Compliance Manager,true,Security Management,false,#N/A,#N/A,#N/A,false,#N/A,#N/A,Simple,#N/A,#N/A,#N/A,#N/A,#N/A,#N/A,#N/A,false,#N/A,#N/A,#N/A,#N/A,#N/A,#N/A,#N/A,#N/A,#N/A,false,#N/A,false,#N/A,#N/A,5.0,false,#N/A,false,false,false,false,#N/A,false,false,false,false,false,false,false,false,#N/A,#N/A,false,false,false,#N/A,015fK000000pU1l,true,#N/A,false,#N/A,#N/A,#N/A,#N/A,#N/A,#N/A,#N/A,#N/A,#N/A,false,#N/A,#N/A
4ca1e80a-d3bd-40a0-9630-e785ed4024b0,Keurig® K150P - Plumbed Commercial Coffee Maker,EQP-OT-4,"Fully programmable coffee maker with an interactive touch-screen that allows for a customizable brewing experience.
Includes Direct Plumb Kit Accessory",false,EQP,false,#N/A,#N/A,#N/A,false,#N/A,#N/A,Simple,Default,One per quote line,#N/A,#N/A,#N/A,Quantity,#N/A,false,#N/A,#N/A,#N/A,#N/A,#N/A,#N/A,#N/A,#N/A,#N/A,false,#N/A,false,#N/A,#N/A,1.0,false,#N/A,false,false,false,false,#N/A,false,false,false,false,false,false,false,false,#N/A,Click,false,false,false,List,#N/A,true,#N/A,false,#N/A,#N/A,List,#N/A,#N/A,#N/A,#N/A,One-time,#N/A,false,#N/A,#N/A
59ba43ac-df3c-4b15-bac9-0a563917e83f,Business Plus Cloud Storage,CS3,Business Plus Cloud Storage,true,Cloud Storage,false,#N/A,#N/A,#N/A,false,#N/A,#N/A,Simple,#N/A,#N/A,#N/A,#N/A,#N/A,#N/A,#N/A,false,#N/A,#N/A,#N/A,#N/A,#N/A,#N/A,#N/A,#N/A,#N/A,false,#N/A,false,#N/A,#N/A,10.0,false,#N/A,false,false,false,false,#N/A,false,false,false,false,false,false,false,false,#N/A,#N/A,false,false,false,#N/A,015fK000000pU1i,true,#N/A,false,#N/A,#N/A,#N/A,#N/A,#N/A,#N/A,#N/A,#N/A,#N/A,false,#N/A,#N/A
61a7010f-cd99-4e67-b71a-20de5968fcfb,Change Management Mocha,COF-R-5,1 24-count Box of K-Cups Pods- Recurring,false,BEV,false,#N/A,#N/A,#N/A,false,#N/A,#N/A,Simple,Default,One per quote line,#N/A,#N/A,#N/A,Quantity,#N/A,false,#N/A,#N/A,#N/A,#N/A,#N/A,#N/A,#N/A,#N/A,#N/A,false,#N/A,false,#N/A,#N/A,1.0,false,#N/A,false,false,false,false,#N/A,false,false,false,false,false,false,false,false,#N/A,Click,false,false,false,List,#N/A,true,#N/A,false,#N/A,#N/A,List,#N/A,#N/A,Fixed Price,1.0,Renewable,#N/A,false,#N/A,#N/A
ad0f2c4d-0f44-427a-8910-f525957c547d,Go-Live Grape Syrup,POP-OT-5,9 Gallon Bag in Box Syrup- One time,false,BEV,false,#N/A,#N/A,#N/A,false,#N/A,#N/A,Simple,Default,One per quote line,#N/A,#N/A,#N/A,Quantity,#N/A,false,#N/A,#N/A,#N/A,#N/A,#N/A,#N/A,#N/A,#N/A,#N/A,false,#N/A,false,#N/A,#N/A,1.0,false,#N/A,false,false,false,false,#N/A,false,false,false,false,false,false,false,false,#N/A,Click,false,false,false,List,#N/A,true,#N/A,false,#N/A,#N/A,List,#N/A,#N/A,#N/A,#N/A,One-time,#N/A,false,#N/A,#N/A
9c78714c-8625-4db7-95a4-ca5a3db32ace,Deploy Dew Syrup,POP-OT-3,7 Gallon Bag in Box Syrup- One time,false,BEV,false,#N/A,#N/A,#N/A,false,#N/A,#N/A,Simple,Default,One per quote line,#N/A,#N/A,#N/A,Quantity,#N/A,false,#N/A,#N/A,#N/A,#N/A,#N/A,#N/A,#N/A,#N/A,#N/A,false,#N/A,false,#N/A,#N/A,1.0,false,#N/A,false,false,false,false,#N/A,false,false,false,false,false,false,false,false,#N/A,Click,false,false,false,List,#N/A,true,#N/A,false,#N/A,#N/A,List,#N/A,#N/A,#N/A,#N/A,One-time,#N/A,false,#N/A,#N/A
3835583a-3ab1-4e6d-b899-dfd09539c862,5/16 1,#N/A,#N/A,false,#N/A,false,#N/A,#N/A,#N/A,false,#N/A,#N/A,Simple,Default,One per quote line,#N/A,#N/A,#N/A,Quantity,#N/A,false,#N/A,#N/A,#N/A,#N/A,#N/A,#N/A,#N/A,#N/A,#N/A,false,#N/A,false,#N/A,#N/A,1.0,false,#N/A,false,false,false,false,#N/A,false,false,false,false,false,false,false,false,#N/A,Click,false,false,false,List,#N/A,true,#N/A,false,#N/A,#N/A,List,#N/A,#N/A,#N/A,#N/A,Renewable,#N/A,false,#N/A,#N/A
490f3d26-afde-424a-9f51-eb3025a834db,25+ User Training,T2,25+ User Training,true,Training,false,#N/A,#N/A,#N/A,false,#N/A,#N/A,Simple,Default,One per quote line,#N/A,#N/A,#N/A,Quantity,#N/A,false,#N/A,#N/A,#N/A,#N/A,#N/A,#N/A,#N/A,#N/A,#N/A,false,#N/A,false,#N/A,#N/A,1.0,false,#N/A,false,false,false,false,#N/A,false,false,false,false,false,false,false,false,#N/A,Click,false,false,false,List,015fK000000pU1e,true,#N/A,false,#N/A,#N/A,List,#N/A,#N/A,#N/A,#N/A,Renewable,#N/A,false,#N/A,#N/A
547c65c7-1b9a-4883-92e0-98a5c1999132,KCup Recycling Program,SRV-R-1,"K-Cycle™ bins are bundled in packs of five (5), for offices that brew 24 K-Cup® pods or more a day - 450 K-Cup® pods per bin. Single bins are not available.- Recurring
 
EACH BIN INCLUDES
1. Pre-paid UPS return label affixed to bin
2. Pre-affixed bag and zip tie seal for brewed K-Cup® pod collection",false,SRV,false,#N/A,#N/A,#N/A,false,#N/A,#N/A,Simple,Default,One per quote line,#N/A,#N/A,#N/A,Quantity,#N/A,true,#N/A,#N/A,#N/A,#N/A,#N/A,#N/A,#N/A,#N/A,#N/A,false,#N/A,false,#N/A,#N/A,1.0,false,#N/A,false,false,false,false,#N/A,false,false,false,false,false,false,false,false,#N/A,Click,false,false,false,List,#N/A,true,#N/A,false,#N/A,#N/A,List,#N/A,#N/A,Fixed Price,1.0,Renewable,#N/A,false,#N/A,#N/A
dce2fe19-7247-40ae-8b6e-b16a6572ecb8,Basic Consulting Plan,LT-TOSH,Toshiba Chromebook 2,true,Professional Services,false,#N/A,#N/A,#N/A,false,#N/A,#N/A,Simple,Default,One per quote line,#N/A,#N/A,#N/A,Quantity,#N/A,false,#N/A,#N/A,#N/A,#N/A,#N/A,#N/A,#N/A,#N/A,#N/A,false,#N/A,false,#N/A,#N/A,1.0,false,#N/A,false,false,false,false,#N/A,false,false,false,false,false,false,false,false,#N/A,Click,false,false,false,List,015fK000000pU1f,true,#N/A,false,#N/A,#N/A,List,#N/A,#N/A,#N/A,#N/A,Renewable,#N/A,false,#N/A,#N/A
dbafb7b3-0d2d-43af-9c80-0468a75f91c8,Enterprise Cloud Storage,CS4,Enterprise Cloud Storage,true,Cloud Storage,false,#N/A,#N/A,#N/A,false,#N/A,#N/A,Simple,#N/A,#N/A,#N/A,#N/A,#N/A,#N/A,#N/A,false,#N/A,#N/A,#N/A,#N/A,#N/A,#N/A,#N/A,#N/A,#N/A,false,#N/A,false,#N/A,#N/A,1.0,false,#N/A,false,false,false,false,#N/A,false,false,false,false,false,false,false,false,#N/A,#N/A,false,false,false,#N/A,015fK000000pU1i,true,#N/A,false,#N/A,#N/A,#N/A,#N/A,#N/A,#N/A,#N/A,#N/A,#N/A,false,#N/A,#N/A
0336b545-487e-403c-b092-0e20872f48aa,Release Root Beer Syrup,POP-R-7,11 Gallon Bag in Box Syrup- Recurring,false,BEV,false,#N/A,#N/A,#N/A,false,#N/A,#N/A,Simple,Default,One per quote line,#N/A,#N/A,#N/A,Quantity,#N/A,false,#N/A,#N/A,#N/A,#N/A,#N/A,#N/A,#N/A,#N/A,#N/A,false,#N/A,false,#N/A,#N/A,1.0,false,#N/A,false,false,false,false,#N/A,false,false,false,false,false,false,false,false,#N/A,Click,false,false,false,List,#N/A,true,#N/A,false,#N/A,#N/A,List,#N/A,#N/A,Fixed Price,1.0,Renewable,#N/A,false,#N/A,#N/A
6b87c1c5-2b76-4634-afb8-3b5d4e7a252f,Coffee Starter Bundle,CSB-B,#N/A,true,#N/A,false,#N/A,#N/A,#N/A,false,#N/A,#N/A,Simple,Default,One per quote line,#N/A,#N/A,#N/A,Quantity,#N/A,false,#N/A,Always,#N/A,#N/A,#N/A,Required,#N/A,#N/A,#N/A,false,#N/A,false,#N/A,#N/A,1.0,false,#N/A,false,false,false,false,#N/A,false,false,false,false,false,false,false,false,#N/A,Click,false,false,false,List,#N/A,true,#N/A,false,#N/A,#N/A,List,#N/A,#N/A,#N/A,#N/A,One-time,#N/A,false,#N/A,#N/A
eb4369b7-0742-43a0-bd21-4a94cf8111f0,Soda Starter Bundle,SSB-B,#N/A,true,#N/A,false,#N/A,#N/A,#N/A,false,#N/A,#N/A,Simple,Default,One per quote line,#N/A,#N/A,#N/A,Quantity,#N/A,false,#N/A,Always,#N/A,#N/A,#N/A,Required,#N/A,#N/A,#N/A,false,#N/A,false,#N/A,#N/A,1.0,false,#N/A,false,false,false,false,#N/A,false,false,false,false,false,false,false,false,#N/A,Click,false,false,false,List,#N/A,true,#N/A,false,#N/A,#N/A,List,#N/A,#N/A,#N/A,#N/A,One-time,#N/A,false,#N/A,#N/A
6740d76a-5964-4555-bf33-a55775867151,Personal Security Firewall,N1,Personal Security Firewall,true,Network,false,#N/A,#N/A,#N/A,false,#N/A,#N/A,Simple,#N/A,#N/A,#N/A,#N/A,#N/A,#N/A,#N/A,false,#N/A,#N/A,#N/A,#N/A,#N/A,#N/A,#N/A,#N/A,#N/A,false,#N/A,false,#N/A,#N/A,5.0,false,#N/A,false,false,false,false,#N/A,false,false,false,false,false,false,false,false,#N/A,#N/A,false,false,false,#N/A,015fK000000pU1h,true,#N/A,false,#N/A,#N/A,#N/A,#N/A,#N/A,#N/A,#N/A,#N/A,#N/A,false,#N/A,#N/A
9cf4d52f-3440-4462-ba36-54267d2cd7f2,Change Management Mocha,COF-OT-5,1 24-count Box of K-Cups Pods- One time,false,BEV,false,#N/A,#N/A,#N/A,false,#N/A,#N/A,Simple,Default,One per quote line,#N/A,#N/A,#N/A,Quantity,#N/A,false,#N/A,#N/A,#N/A,#N/A,#N/A,#N/A,#N/A,#N/A,#N/A,false,#N/A,false,#N/A,#N/A,1.0,false,#N/A,false,false,false,false,#N/A,false,false,false,false,false,false,false,false,#N/A,Click,false,false,false,List,#N/A,true,#N/A,false,#N/A,#N/A,List,#N/A,#N/A,#N/A,#N/A,One-time,#N/A,false,#N/A,#N/A
cf9ca1eb-b2ee-4bef-9ef0-bc23f21f3dc6,Cloud Soda Cream,#N/A,Description Added,true,#N/A,false,#N/A,#N/A,#N/A,false,#N/A,#N/A,Simple,Default,One per quote line,#N/A,#N/A,#N/A,Quantity,#N/A,false,#N/A,#N/A,#N/A,#N/A,#N/A,Required,#N/A,#N/A,#N/A,false,#N/A,false,#N/A,#N/A,1.0,false,#N/A,false,false,false,false,#N/A,false,false,false,false,false,false,false,false,Sections,Click,false,false,false,List,#N/A,true,#N/A,false,#N/A,#N/A,List,#N/A,#N/A,#N/A,#N/A,Renewable,#N/A,false,Line,#N/A
98ceed8d-545a-4dfb-94e4-f5d6f90f2874,Agile Ginger Ale Syrup,POP-OT-8,12 Gallon Bag in Box Syrup- One time,false,BEV,false,#N/A,#N/A,#N/A,false,#N/A,#N/A,Simple,Default,One per quote line,#N/A,#N/A,#N/A,Quantity,#N/A,false,#N/A,#N/A,#N/A,#N/A,#N/A,#N/A,#N/A,#N/A,#N/A,false,#N/A,false,#N/A,#N/A,1.0,false,#N/A,false,false,false,false,#N/A,false,false,false,false,false,false,false,false,#N/A,Click,false,false,false,List,#N/A,true,#N/A,false,#N/A,#N/A,List,#N/A,#N/A,#N/A,#N/A,One-time,#N/A,false,#N/A,#N/A
ba01615f-eb9f-4e60-b01a-3789495287ae,5/16 2,#N/A,#N/A,false,#N/A,false,#N/A,#N/A,#N/A,false,#N/A,#N/A,Simple,Default,One per quote line,#N/A,#N/A,#N/A,Quantity,#N/A,false,#N/A,#N/A,#N/A,#N/A,#N/A,#N/A,#N/A,#N/A,#N/A,false,#N/A,false,#N/A,#N/A,1.0,false,#N/A,false,false,false,false,#N/A,false,false,false,false,false,false,false,false,#N/A,Click,false,false,false,List,#N/A,true,#N/A,false,#N/A,#N/A,List,#N/A,#N/A,#N/A,#N/A,Renewable,#N/A,false,#N/A,#N/A
ac7f488f-23e1-4c3b-9f13-744d8b436866,Prodly Cola Syrup,POP-OT-1,5 Gallon Bag in Box Syrup- One time,true,#N/A,false,#N/A,#N/A,#N/A,false,#N/A,#N/A,Simple,Default,One per quote line,#N/A,#N/A,#N/A,Quantity,#N/A,false,#N/A,#N/A,#N/A,#N/A,#N/A,#N/A,#N/A,#N/A,#N/A,false,#N/A,false,#N/A,#N/A,1.0,false,#N/A,false,false,false,false,#N/A,false,false,false,false,false,false,false,false,#N/A,Click,false,false,false,List,#N/A,true,#N/A,false,#N/A,#N/A,List,#N/A,#N/A,#N/A,#N/A,One-time,#N/A,false,#N/A,#N/A
42781386-acbf-4c51-875a-3de81e5084d4,Personal Password Vault,PV1,Personal Password Vault,true,Password Vault,false,#N/A,#N/A,#N/A,false,#N/A,#N/A,Simple,Default,One per quote line,#N/A,#N/A,#N/A,Quantity,#N/A,false,#N/A,#N/A,#N/A,#N/A,#N/A,#N/A,#N/A,#N/A,#N/A,false,#N/A,false,#N/A,#N/A,10.0,false,#N/A,false,false,false,false,#N/A,false,false,false,false,false,false,false,false,#N/A,Click,false,false,false,List,015fK000000pU1o,true,#N/A,false,#N/A,#N/A,List,#N/A,#N/A,#N/A,#N/A,Renewable,#N/A,false,#N/A,#N/A
14e55288-077e-4f12-b3dc-82b4a2bf65f5,Remote Implementation Support,IS1,Remote Implementation Support,true,Implementation Services,false,#N/A,#N/A,#N/A,false,#N/A,#N/A,Simple,Default,One per quote line,#N/A,#N/A,#N/A,Quantity,#N/A,false,#N/A,#N/A,#N/A,#N/A,#N/A,#N/A,#N/A,#N/A,#N/A,false,#N/A,false,#N/A,#N/A,1.0,false,#N/A,false,false,false,false,#N/A,false,false,false,false,false,false,false,false,#N/A,Click,false,false,false,List,015fK000000pU1c,true,#N/A,false,#N/A,#N/A,List,#N/A,#N/A,#N/A,#N/A,Renewable,#N/A,false,#N/A,#N/A
c2f2243d-e21e-4454-85df-93827fb15ed1,Uptime Espresso,COF-R-6,1 24-count Box of K-Cups Pods- Recurring,false,BEV,false,#N/A,#N/A,#N/A,false,#N/A,#N/A,Simple,Default,One per quote line,#N/A,#N/A,#N/A,Quantity,#N/A,false,#N/A,#N/A,#N/A,#N/A,#N/A,#N/A,#N/A,#N/A,#N/A,false,#N/A,false,#N/A,#N/A,1.0,false,#N/A,false,false,false,false,#N/A,false,false,false,false,false,false,false,false,#N/A,Click,false,false,false,List,#N/A,true,#N/A,false,#N/A,#N/A,List,#N/A,#N/A,Fixed Price,1.0,Renewable,#N/A,false,#N/A,#N/A
453f4e0e-3d7f-4d4d-ae37-3cd7a1c4d1c7,Pumpkin Sandbox Latte,COF-OT-3,1 24-count Box of K-Cups Pods- One time,false,BEV,false,#N/A,#N/A,#N/A,false,#N/A,#N/A,Simple,Default,One per quote line,#N/A,#N/A,#N/A,Quantity,#N/A,false,#N/A,#N/A,#N/A,#N/A,#N/A,#N/A,#N/A,#N/A,#N/A,false,#N/A,false,#N/A,#N/A,1.0,false,#N/A,false,false,false,false,#N/A,false,false,false,false,false,false,false,false,#N/A,Click,false,false,false,List,#N/A,true,#N/A,false,#N/A,#N/A,List,#N/A,#N/A,#N/A,#N/A,One-time,#N/A,false,#N/A,#N/A
bd9a3e75-722b-4efb-89b8-b42f29deb011,Uptime Espresso,COF-OT-6,1 24-count Box of K-Cups Pods- One time,false,BEV,false,#N/A,#N/A,#N/A,false,#N/A,#N/A,Simple,Default,One per quote line,#N/A,#N/A,#N/A,Quantity,#N/A,false,#N/A,#N/A,#N/A,#N/A,#N/A,#N/A,#N/A,#N/A,#N/A,false,#N/A,false,#N/A,#N/A,1.0,false,#N/A,false,false,false,false,#N/A,false,false,false,false,false,false,false,false,#N/A,Click,false,false,false,List,#N/A,true,#N/A,false,#N/A,#N/A,List,#N/A,#N/A,#N/A,#N/A,Renewable,#N/A,false,#N/A,#N/A
64c4e900-ffdc-4650-bca4-75dafa6c87eb,Declarative Decaf,COF-OT-2,1 24-count Box of K-Cups Pods- One time,false,BEV,false,#N/A,#N/A,#N/A,false,#N/A,#N/A,Simple,Default,One per quote line,#N/A,#N/A,#N/A,Quantity,#N/A,false,#N/A,#N/A,#N/A,#N/A,#N/A,#N/A,#N/A,#N/A,#N/A,false,#N/A,false,#N/A,#N/A,1.0,false,#N/A,false,false,false,false,#N/A,false,false,false,false,false,false,false,false,#N/A,Click,false,false,false,List,#N/A,true,#N/A,false,#N/A,#N/A,List,#N/A,#N/A,#N/A,#N/A,One-time,#N/A,false,#N/A,#N/A
9734a74a-d485-44db-9c38-1be02ab93b1d,Business Cloud Storage,CS2,Business Cloud Storage,true,Cloud Storage,false,#N/A,#N/A,#N/A,false,#N/A,#N/A,Simple,Default,One per quote line,#N/A,#N/A,#N/A,Quantity,#N/A,false,#N/A,#N/A,#N/A,#N/A,#N/A,#N/A,#N/A,#N/A,#N/A,false,#N/A,false,#N/A,#N/A,1.0,false,#N/A,false,false,false,false,#N/A,false,false,false,false,false,false,false,false,#N/A,Click,false,false,false,List,015fK000000pU1i,true,#N/A,false,#N/A,#N/A,List,#N/A,#N/A,#N/A,#N/A,Renewable,#N/A,false,#N/A,#N/A
b71da3ba-aff4-4c0b-ae14-aaaad72c828a,Keurig® K-2500® Plumbed Commercial Coffee Maker,EQP-OT-5,A high capacity coffee maker designed for continuous use with direct water line plumbing.,false,EQP,false,#N/A,#N/A,#N/A,false,#N/A,#N/A,Simple,Default,One per quote line,#N/A,#N/A,#N/A,Quantity,#N/A,false,#N/A,#N/A,#N/A,#N/A,#N/A,#N/A,#N/A,#N/A,#N/A,false,#N/A,false,#N/A,#N/A,1.0,false,#N/A,false,false,false,false,#N/A,false,false,false,false,false,false,false,false,#N/A,Click,false,false,false,List,#N/A,true,#N/A,false,#N/A,#N/A,List,#N/A,#N/A,#N/A,#N/A,One-time,#N/A,false,#N/A,#N/A
986b0575-6bb6-459d-8fa8-be76959b0f3e,Security Certification Training: Shield,SC2,Security Certification Training: Shield,true,Training,false,#N/A,#N/A,#N/A,false,#N/A,#N/A,Simple,#N/A,#N/A,#N/A,#N/A,#N/A,#N/A,#N/A,false,#N/A,#N/A,#N/A,#N/A,#N/A,#N/A,#N/A,#N/A,#N/A,false,#N/A,false,#N/A,#N/A,5.0,false,#N/A,false,false,false,false,#N/A,false,false,false,false,false,false,false,false,#N/A,#N/A,false,false,false,#N/A,015fK000000pU1j,true,#N/A,false,#N/A,#N/A,#N/A,#N/A,#N/A,#N/A,#N/A,#N/A,#N/A,false,#N/A,#N/A
eb2ed957-d42d-4384-bfc5-b21c32c1410a,Security Certification Training: Basic,SC1,Security Certification Training: Basic,true,Training,false,#N/A,#N/A,#N/A,false,#N/A,#N/A,Simple,Default,One per quote line,#N/A,#N/A,#N/A,Quantity,#N/A,false,#N/A,#N/A,#N/A,#N/A,#N/A,#N/A,#N/A,#N/A,#N/A,false,#N/A,false,#N/A,#N/A,5.0,false,#N/A,false,false,false,false,#N/A,false,false,false,false,false,false,false,false,#N/A,Click,false,false,false,List,015fK000000pU1j,true,#N/A,false,#N/A,#N/A,List,#N/A,#N/A,#N/A,#N/A,Renewable,#N/A,false,#N/A,#N/A
dfd64614-177b-4ae4-b0dc-8df7d3c1bfcf,Company Wide Training,T4,Company Wide Training,true,Training,false,#N/A,#N/A,#N/A,false,#N/A,#N/A,Simple,#N/A,#N/A,#N/A,#N/A,#N/A,#N/A,#N/A,false,#N/A,#N/A,#N/A,#N/A,#N/A,#N/A,#N/A,#N/A,#N/A,false,#N/A,false,#N/A,#N/A,1.0,false,#N/A,false,false,false,false,#N/A,false,false,false,false,false,false,false,false,#N/A,#N/A,false,false,false,#N/A,015fK000000pU1e,true,#N/A,false,#N/A,#N/A,#N/A,#N/A,#N/A,#N/A,#N/A,#N/A,#N/A,false,#N/A,#N/A
2b999faf-5f51-4f65-89fd-9dee50b381e4,100' Roll of 10 Line Bundled Tubing,EQP-OT-3,"Consists of 10 lines bundled together
Each line is 3/8"" in diameter
Roll contains 100' of bundled tubing",false,EQP,false,#N/A,#N/A,#N/A,false,#N/A,#N/A,Simple,Default,One per quote line,#N/A,#N/A,#N/A,Quantity,#N/A,false,#N/A,#N/A,#N/A,#N/A,#N/A,#N/A,#N/A,#N/A,#N/A,false,#N/A,false,#N/A,#N/A,1.0,false,#N/A,false,false,false,false,#N/A,false,false,false,false,false,false,false,false,#N/A,Click,false,false,false,List,#N/A,true,#N/A,false,#N/A,#N/A,List,#N/A,#N/A,#N/A,#N/A,One-time,#N/A,false,#N/A,#N/A
bbce2c91-a5d7-47e0-b84b-c8f6e68a0bcd,AXY,#N/A,#N/A,false,#N/A,false,#N/A,#N/A,#N/A,false,#N/A,#N/A,Simple,Default,One per quote line,#N/A,#N/A,#N/A,Quantity,#N/A,false,#N/A,#N/A,#N/A,#N/A,#N/A,#N/A,#N/A,#N/A,#N/A,false,#N/A,false,#N/A,#N/A,1.0,false,#N/A,false,false,false,false,#N/A,false,false,false,false,false,false,false,false,#N/A,Click,false,false,false,List,#N/A,true,#N/A,false,#N/A,#N/A,List,#N/A,#N/A,#N/A,#N/A,Renewable,#N/A,false,#N/A,#N/A
df90dce0-a2a4-4c98-b432-48b496a4c0f9,SafeLog Secure Access VPN,EP1,Safelog Secure Access VPN,true,Endpoint,false,#N/A,#N/A,#N/A,false,#N/A,#N/A,Simple,Default,One per quote line,#N/A,#N/A,#N/A,Quantity,#N/A,false,#N/A,#N/A,#N/A,#N/A,#N/A,#N/A,#N/A,#N/A,#N/A,false,#N/A,false,#N/A,#N/A,25.0,false,#N/A,false,false,false,false,#N/A,false,false,false,false,false,false,false,false,#N/A,Click,false,false,false,List,015fK000000pU1m,true,#N/A,false,#N/A,#N/A,List,#N/A,#N/A,#N/A,#N/A,Renewable,#N/A,false,#N/A,#N/A
e0cac846-188a-49a0-ad61-209370b94e10,10 Valve Push Button Countertop Ice/Beverage Dispenser,EQP-OT-1,"10 Flomatic valves to dispense an assortment of beverages. 
Ice dispenser holds 200lb of ice.",false,EQP,false,#N/A,#N/A,#N/A,false,#N/A,#N/A,Simple,Default,One per quote line,#N/A,#N/A,#N/A,Quantity,#N/A,false,#N/A,#N/A,#N/A,#N/A,#N/A,#N/A,#N/A,#N/A,#N/A,false,#N/A,false,#N/A,#N/A,1.0,false,#N/A,false,false,false,false,#N/A,false,false,false,false,false,false,false,false,#N/A,Click,false,false,false,List,#N/A,true,#N/A,false,#N/A,#N/A,List,#N/A,#N/A,#N/A,#N/A,One-time,#N/A,false,#N/A,#N/A
5eac4c7a-aa5b-4a2d-a5a7-ac3714cbc850,Secure Event Manager,SM2,Secure Event Manager,true,Security Management,false,#N/A,#N/A,#N/A,false,#N/A,#N/A,Simple,Default,One per quote line,#N/A,#N/A,#N/A,Quantity,#N/A,false,#N/A,#N/A,#N/A,#N/A,#N/A,#N/A,#N/A,#N/A,#N/A,false,#N/A,false,#N/A,#N/A,10.0,false,#N/A,false,false,false,false,#N/A,false,false,false,false,false,false,false,false,#N/A,Click,false,false,false,List,015fK000000pU1d,true,#N/A,false,#N/A,#N/A,List,#N/A,#N/A,#N/A,#N/A,Renewable,#N/A,false,#N/A,#N/A
8b17360a-411a-47e1-aa92-e5c52d0f1a86,Prodly Cola Syrup,POP-R-1,5 Gallon Bag in Box Syrup- Recurring,false,BEV,false,#N/A,#N/A,#N/A,false,#N/A,#N/A,Simple,Default,One per quote line,#N/A,#N/A,#N/A,Quantity,#N/A,false,#N/A,#N/A,#N/A,#N/A,#N/A,#N/A,#N/A,#N/A,#N/A,false,#N/A,false,#N/A,#N/A,1.0,false,#N/A,false,false,false,false,#N/A,false,false,false,false,false,false,false,false,#N/A,Click,false,false,false,List,#N/A,true,#N/A,false,#N/A,#N/A,List,#N/A,#N/A,Fixed Price,1.0,Renewable,#N/A,false,#N/A,#N/A
fd8fb8af-e470-403d-8f83-76dde9f4b1b0,Deployment Dark Roast,COF-R-4,1 24-count Box of K-Cups Pods- Recurring,false,BEV,false,#N/A,#N/A,#N/A,false,#N/A,#N/A,Simple,Default,One per quote line,#N/A,#N/A,#N/A,Quantity,#N/A,false,#N/A,#N/A,#N/A,#N/A,#N/A,#N/A,#N/A,#N/A,#N/A,false,#N/A,false,#N/A,#N/A,1.0,false,#N/A,false,false,false,false,#N/A,false,false,false,false,false,false,false,false,#N/A,Click,false,false,false,List,#N/A,true,#N/A,false,#N/A,#N/A,List,#N/A,#N/A,Fixed Price,1.0,Renewable,#N/A,false,#N/A,#N/A
28730290-24ca-4258-80ed-fff3614d08c3,On-Site Implementation Support,IS2,On-Site Implementation Support,true,Implementation Services,false,#N/A,#N/A,#N/A,false,#N/A,#N/A,Simple,Default,One per quote line,#N/A,#N/A,#N/A,Quantity,#N/A,false,#N/A,#N/A,#N/A,#N/A,#N/A,#N/A,#N/A,#N/A,#N/A,false,#N/A,false,#N/A,#N/A,1.0,false,#N/A,false,false,false,false,#N/A,false,false,false,false,false,false,false,false,#N/A,Click,false,false,false,List,015fK000000pU1c,true,#N/A,false,#N/A,#N/A,List,#N/A,#N/A,#N/A,#N/A,Renewable,#N/A,false,#N/A,#N/A
4a23f4d6-6076-4485-8b2c-cb3070b61f35,Vulnerability Testing: Omega,VT1,Vulnerability Testing: Omega,true,Professional Services,false,#N/A,#N/A,#N/A,false,#N/A,#N/A,Simple,#N/A,#N/A,#N/A,#N/A,#N/A,#N/A,#N/A,false,#N/A,#N/A,#N/A,#N/A,#N/A,#N/A,#N/A,#N/A,#N/A,false,#N/A,false,#N/A,#N/A,1.0,false,#N/A,false,false,false,false,#N/A,false,false,false,false,false,false,false,false,#N/A,#N/A,false,false,false,#N/A,015fK000000pU1k,true,#N/A,false,#N/A,#N/A,#N/A,#N/A,#N/A,#N/A,#N/A,#N/A,#N/A,false,#N/A,#N/A
8094c37e-ebd0-4c70-911a-830343b2cdb6,Fastflow Carbonator,EQP-OT-2,"Forces CO2 into water to create carbonation for sodas
No need to turn off CO2 or water to service; maintain electronics without depressurizing the tank
115V, 1/3 hp, 1725 RPM motor",false,EQP,false,#N/A,#N/A,#N/A,false,#N/A,#N/A,Simple,Default,One per quote line,#N/A,#N/A,#N/A,Quantity,#N/A,false,#N/A,#N/A,#N/A,#N/A,#N/A,#N/A,#N/A,#N/A,#N/A,false,#N/A,false,#N/A,#N/A,1.0,false,#N/A,false,false,false,false,#N/A,false,false,false,false,false,false,false,false,#N/A,Click,false,false,false,List,#N/A,true,#N/A,false,#N/A,#N/A,List,#N/A,#N/A,#N/A,#N/A,One-time,#N/A,false,#N/A,#N/A
558fe91f-1b5b-47b9-8b42-75c52efea516,Additional Cloud Storage,CS6,Additional Cloud Storage,true,Cloud Storage,false,#N/A,#N/A,#N/A,false,#N/A,#N/A,Simple,#N/A,#N/A,#N/A,#N/A,#N/A,#N/A,#N/A,false,#N/A,#N/A,#N/A,#N/A,#N/A,#N/A,#N/A,#N/A,#N/A,false,#N/A,false,#N/A,#N/A,5.0,false,#N/A,false,false,false,false,#N/A,false,false,false,false,false,false,false,false,#N/A,#N/A,false,false,false,#N/A,015fK000000pU1i,true,#N/A,false,#N/A,#N/A,#N/A,#N/A,#N/A,#N/A,#N/A,#N/A,#N/A,false,#N/A,#N/A
20c7d642-d466-426f-aea0-5963e800090d,Agile Ginger Ale Syrup,POP-R-8,12 Gallon Bag in Box Syrup- Recurring,false,BEV,false,#N/A,#N/A,#N/A,false,#N/A,#N/A,Simple,Default,One per quote line,#N/A,#N/A,#N/A,Quantity,#N/A,false,#N/A,#N/A,#N/A,#N/A,#N/A,#N/A,#N/A,#N/A,#N/A,false,#N/A,false,#N/A,#N/A,1.0,false,#N/A,false,false,false,false,#N/A,false,false,false,false,false,false,false,false,#N/A,Click,false,false,false,List,#N/A,true,#N/A,false,#N/A,#N/A,List,#N/A,#N/A,Fixed Price,1.0,Renewable,#N/A,false,#N/A,#N/A
5558624a-5362-409f-83de-ef4c5d2871a0,Monthly Maintance Plan,SRV-R-2,Regular cleaning & preventative maintenance to keep your equipment operating optimally.- Recurring,false,SRV,false,#N/A,#N/A,#N/A,false,#N/A,#N/A,Simple,Default,One per quote line,#N/A,#N/A,#N/A,Quantity,#N/A,true,#N/A,#N/A,#N/A,#N/A,#N/A,#N/A,#N/A,#N/A,#N/A,false,#N/A,false,#N/A,#N/A,1.0,false,#N/A,false,false,false,false,#N/A,false,false,false,false,false,false,false,false,#N/A,Click,false,false,false,List,#N/A,true,#N/A,false,#N/A,#N/A,List,#N/A,#N/A,Fixed Price,1.0,Renewable,#N/A,false,#N/A,#N/A
