Guid,Name,SBQQ__Action__c,SBQQ__Active__c,SBQQ__BrandButton__c,SBQQ__Class__c,SBQQ__ConditionsMet__c,SBQQ__Default__c,SBQQ__Description__c,SBQQ__DisplayOrder__c,SBQQ__EventHandlerName__c,SBQQ__IconClass__c,SBQQ__Icon__c,SBQQ__Label__c,SBQQ__Location__c,SBQQ__PageHandlerName__c,SBQQ__Page__c,SBQQ__ParentCustomAction__c,SBQQ__ReturnURL__c,SBQQ__TargetObject__c,SBQQ__Type__c,SBQQ__URLTarget__c,SBQQ__URL__c
05e66bf2-7247-4576-b3ff-5641ff8632f2,Optional: All - Group,Optional: All,true,false,optionalAllBtn,All,false,#N/A,952.0,updateLineOptional,#N/A,#N/A,Optional: All,Group,#N/A,Quote Line Editor,b5df891a-68fb-4a09-930e-9deee20c8a4d,#N/A,#N/A,Button,#N/A,#N/A
09cecf01-3f75-43f2-911b-cdbeae959354,Add Group,Add Group,true,false,addGroupBtn,All,false,#N/A,905.0,onAddGroup,#N/A,#N/A,Add Group,Quote,#N/A,Quote Line Editor,#N/A,#N/A,#N/A,Menu,#N/A,#N/A
0ff45483-d890-4f3f-b50a-031058137ca7,Resegment Line,Resegment Line,true,false,resegmentBtn,All,false,#N/A,996.0,onResegmentLine,sf-icon-magicwand,magicwand,Resegment Line,Line,#N/A,Quote Line Editor,#N/A,#N/A,#N/A,Button,#N/A,#N/A
10c2d236-f807-48a3-b482-2f533713e5bc,Desegment Line,Desegment Line,true,false,desegmentBtn,All,false,#N/A,995.0,onDesegmentLine,sf-icon-magicwand,magicwand,Desegment Line,Line,#N/A,Quote Line Editor,#N/A,#N/A,#N/A,Button,#N/A,#N/A
1457e757-b294-4fb2-bcc1-d2a36d674ccc,Delete Group,Delete Group,true,false,deleteGroupBtn,All,false,#N/A,951.0,onDeleteGroup,#N/A,#N/A,Delete Group,Group,#N/A,Quote Line Editor,b5df891a-68fb-4a09-930e-9deee20c8a4d,#N/A,#N/A,Button,#N/A,#N/A
45a9b239-3040-481c-96bc-491a0428556b,Save,Save,true,true,saveBtn,All,false,#N/A,916.0,onSave,#N/A,#N/A,Save,Quote,#N/A,Quote Line Editor,#N/A,#N/A,#N/A,Button,#N/A,#N/A
48345804-f911-4eaa-8fb7-0edaf8738433,Add Favorites,Add Favorites,true,false,addFavoritesBtn,All,false,#N/A,901.0,onAddFavorites,#N/A,#N/A,Add Favorites,Quote/Group,#N/A,Quote Line Editor,b5df891a-68fb-4a09-930e-9deee20c8a4d,#N/A,#N/A,Button,#N/A,#N/A
4931e857-d59e-4d3d-81e2-7be0653859bd,Calculate,Calculate,true,false,calculateBtn,All,false,#N/A,913.0,onFlagCalculate,#N/A,#N/A,Calculate,Quote,#N/A,Quote Line Editor,#N/A,#N/A,#N/A,Button,#N/A,#N/A
4b13387d-551a-40e3-a2fe-03418a4398a8,View Consumption Schedule,View Consumption Schedule,true,false,viewConsumptionScheduleBtn,All,false,#N/A,998.0,onViewConsumptionSchedule,sf-icon-paired-lines,paired-lines,View Consumption Schedule,Line,#N/A,Quote Line Editor,#N/A,#N/A,#N/A,Button,#N/A,#N/A
53471afe-4c78-4d54-9aed-e8f9ad7c9f64,Separator,#N/A,true,false,#N/A,All,false,#N/A,904.0,#N/A,sbToolSeparator,#N/A,Add Products,Quote,#N/A,Quote Line Editor,#N/A,#N/A,#N/A,Separator,#N/A,#N/A
55fdccad-760c-4c8d-a798-27da92ee208e,Clone Group,Clone Group,true,false,cloneGroupBtn,All,false,#N/A,950.0,onCloneGroup,#N/A,#N/A,Clone Group,Group,#N/A,Quote Line Editor,b5df891a-68fb-4a09-930e-9deee20c8a4d,#N/A,#N/A,Button,#N/A,#N/A
599f210c-80b8-4293-9ed7-d6235f812af3,Separator,#N/A,true,false,#N/A,All,false,#N/A,911.0,#N/A,sbToolSeparator,#N/A,Add Products,Quote,#N/A,Quote Line Editor,#N/A,#N/A,#N/A,Separator,#N/A,#N/A
661494e4-1255-4fed-b324-fbd738cc375a,Optional: None - Quote,Optional: None,true,false,optionalNoneBtn,All,false,#N/A,910.0,updateLineOptional,sb-icon-dot-circled,dot-circled,Optional: None,Quote,#N/A,Quote Line Editor,#N/A,#N/A,#N/A,Button,#N/A,#N/A
72ae531f-be27-4888-8840-823ca5583e02,View Discount Schedule,View Discount Schedule,true,false,viewDSBtn,All,false,#N/A,997.0,showDSModal,sf-icon-discountscheduleicons-02,discountscheduleicons-02,View Discount Schedule,Line,#N/A,Quote Line Editor,#N/A,#N/A,#N/A,Button,#N/A,#N/A
7ff0ffed-c5de-4284-bb0f-fc2a386ddc44,Reconfigure Line,Reconfigure Line,true,false,reconfigureBtn,All,false,#N/A,992.0,onReconfigureLine,sf-icon-custom_apps,custom_apps,Reconfigure Line,Line,#N/A,Quote Line Editor,#N/A,#N/A,#N/A,Button,#N/A,#N/A
8405b94b-7ba3-4cdf-8f03-b6bb4be28ade,Reset Discounts - Quote,Reset Discounts,false,false,resetDiscBtn,All,false,#N/A,908.0,onResetDiscounts,sf-icon-undo,undo,Reset Discounts,Quote,#N/A,Quote Line Editor,#N/A,#N/A,#N/A,Button,#N/A,#N/A
86bf5b95-483c-494f-80d8-7b5ffb246016,Amend Subscriptions,Amend Subscriptions,true,false,amendSubscriptionsBtn,All,false,#N/A,901.0,onAmendSubscriptions,#N/A,#N/A,Amend Subscriptions,Quote/Group,#N/A,Quote Line Editor,b5df891a-68fb-4a09-930e-9deee20c8a4d,#N/A,#N/A,Button,#N/A,#N/A
88d82c24-18f5-4a06-bf1f-65bcf120f984,Add Recommendations,Add Recommendations,false,false,addRecommendedProductsBtn,All,false,#N/A,920.0,onAddRecommendedProducts,#N/A,#N/A,Add Recommendations,Quote/Group,#N/A,Quote Line Editor,b5df891a-68fb-4a09-930e-9deee20c8a4d,#N/A,#N/A,Button,#N/A,#N/A
89c988b3-b843-40fa-b0ed-3cd6841e0dad,Clone Line,Clone Line,true,false,cloneBtn,All,false,#N/A,993.0,onCloneLine,sf-icon-copy,copy,Clone Line,Line,#N/A,Quote Line Editor,#N/A,#N/A,#N/A,Button,#N/A,#N/A
92e20d6b-f97c-4b1a-8b08-4e48f4d5255f,Add To Favorites,Add To Favorites,true,false,addToFavBtn,All,false,#N/A,990.0,onAddToFavorites,sb-icon-star-empty,star-empty,Add To Favorites,Line,#N/A,Quote Line Editor,#N/A,#N/A,#N/A,Button,#N/A,#N/A
9bb8e2dc-f6f5-42c7-b390-0111f3f43451,Optional: None - Group,Optional: None,true,false,optionalNoneBtn,All,false,#N/A,953.0,updateLineOptional,#N/A,#N/A,Optional: None,Group,#N/A,Quote Line Editor,b5df891a-68fb-4a09-930e-9deee20c8a4d,#N/A,#N/A,Button,#N/A,#N/A
a12307e6-0b0a-4e0a-8a63-d6d43dbbff69,View Pricing Guidance,View Pricing Guidance,true,false,viewPricingGuidanceBtn,All,false,#N/A,999.0,onViewPricingGuidance,sf-icon-target,target,View Pricing Guidance,Line,#N/A,Quote Line Editor,#N/A,#N/A,#N/A,Button,#N/A,#N/A
af489ad5-02f5-434d-9724-e802498496b5,Delete Line,Delete Line,true,false,deleteBtn,All,false,#N/A,994.0,onDeleteLine,sf-icon-delete,delete,Delete Line,Line,#N/A,Quote Line Editor,#N/A,#N/A,#N/A,Button,#N/A,#N/A
b5df891a-68fb-4a09-930e-9deee20c8a4d,Add Products,Add Products,true,false,addProductsBtn,All,false,#N/A,900.0,onAddProducts,#N/A,#N/A,Add Products,Quote/Group,#N/A,Quote Line Editor,#N/A,#N/A,#N/A,Menu,#N/A,#N/A
b6ccf650-4460-4c67-9b6b-55d075617da3,Upgrade Assets,Upgrade Assets,true,false,upgradeAssetsBtn,All,false,#N/A,902.0,onUpgradeAssets,#N/A,#N/A,Upgrade Assets,Quote/Group,#N/A,Quote Line Editor,b5df891a-68fb-4a09-930e-9deee20c8a4d,#N/A,#N/A,Button,#N/A,#N/A
b72d80d3-0b23-44a4-a4ce-b6759e0b585f,Delete Lines,Delete Lines,true,false,deleteLinesBtn,All,false,#N/A,907.0,onDeleteLines,#N/A,#N/A,Delete Lines,Quote,#N/A,Quote Line Editor,#N/A,#N/A,#N/A,Button,#N/A,#N/A
bba417ed-c997-468e-8d39-8c87db1a6f2e,Reset Discounts - Group,Reset Discounts,true,false,resetDiscBtn,All,false,#N/A,954.0,onResetDiscounts,#N/A,#N/A,Reset Discounts,Group,#N/A,Quote Line Editor,b5df891a-68fb-4a09-930e-9deee20c8a4d,#N/A,#N/A,Button,#N/A,#N/A
c74681b0-561e-44a6-b517-8e3e64be5a7f,Optional: All - Quote,Optional: All,true,false,optionalAllBtn,All,false,#N/A,909.0,updateLineOptional,sb-icon-circle-empty,circle-empty,Optional: All,Quote,#N/A,Quote Line Editor,#N/A,#N/A,#N/A,Button,#N/A,#N/A
cd79d936-43e1-48d6-9799-949eef09f030,Launch External,#N/A,true,false,#N/A,All,false,#N/A,900.0,#N/A,#N/A,#N/A,Launch External,Configurator,#N/A,Product Configurator,#N/A,#N/A,#N/A,Button,Popup,{!$Setup.GeneralSettings__c.ExternalConfigurationURL__c}
d05b65be-740a-4169-a85a-0d50dd438339,Apply Edit Rules,Apply Edit Rules,true,false,#N/A,All,false,#N/A,901.0,#N/A,#N/A,#N/A,Apply Rules,Configurator,#N/A,Product Configurator,#N/A,#N/A,#N/A,Button,#N/A,#N/A
d3279124-bfe8-4547-bdfb-665084ee4465,Ungroup,Ungroup,true,false,ungroupBtn,All,false,#N/A,906.0,onUngroup,#N/A,#N/A,Ungroup,Quote,#N/A,Quote Line Editor,#N/A,#N/A,#N/A,Button,#N/A,#N/A
d6e1a31f-68a6-488d-8df7-82d68b497fb2,Separator,#N/A,true,false,#N/A,All,false,#N/A,914.0,#N/A,sbToolSeparator,#N/A,Add Products,Quote,#N/A,Quote Line Editor,#N/A,#N/A,#N/A,Separator,#N/A,#N/A
e34bba83-baa1-4dc4-8a36-c00a10d62d65,Remove From Favorites,Remove From Favorites,true,false,removeFromFavBtn,All,false,#N/A,991.0,onRemoveFromFavorites,sb-icon-star,star,Remove From Favorites,Line,#N/A,Quote Line Editor,#N/A,#N/A,#N/A,Button,#N/A,#N/A
e86e5430-bfe6-4fac-becd-eb15adabd334,Renew Subscriptions,Renew Subscriptions,true,false,renewSubscriptionsBtn,All,false,#N/A,903.0,onRenewSubscriptions,#N/A,#N/A,Renew Subscriptions,Quote/Group,#N/A,Quote Line Editor,b5df891a-68fb-4a09-930e-9deee20c8a4d,#N/A,#N/A,Button,#N/A,#N/A
ec2b99b4-5143-4d92-a1c7-2559c468192a,Quick Save,Quick Save,true,false,quickSaveBtn,All,false,#N/A,912.0,onQuickSave,#N/A,#N/A,Quick Save,Quote,#N/A,Quote Line Editor,#N/A,#N/A,#N/A,Button,#N/A,#N/A
fe208377-3249-452e-95e3-6b4009da22fa,Cancel,Cancel,true,false,cancelBtn,All,false,#N/A,915.0,onCancel,#N/A,#N/A,Cancel,Quote,#N/A,Quote Line Editor,#N/A,#N/A,#N/A,Button,#N/A,#N/A
